{
  "parent": "builtin/entity",
  "display": {
    "thirdperson_righthand": {
      "translation": [
        -1.5,
        -3,
        -2.5
      ],
      "scale": [
        1.146484375,
        1.146484375,
        1.146484375
      ]
    },
    "thirdperson_lefthand": {
      "translation": [
        -1.5,
        -3,
        -2.5
      ],
      "scale": [
        1.146484375,
        1.146484375,
        1.146484375
      ]
    },
    "firstperson_righthand": {
      "translation": [
        -1.5,
        -1,
        -0.5
      ],
      "scale": [
        1.2421875,
        1.2421875,
        0.8359375
      ]
    },
    "firstperson_lefthand": {
      "translation": [
        -1.5,
        -1,
        -0.5
      ],
      "scale": [
        1.2421875,
        1.2421875,
        0.8359375
      ]
    },
    "ground": {
      "translation": [
        0,
        -3,
        0
      ],
      "scale": [
        0.6,
        0.6,
        0.6
      ]
    },
    "gui": {
      "rotation": [
        -152.4,
        42.83,
        175.45
      ],
      "translation": [
        0.25,
        -4,
        0
      ],
      "scale": [
        1.451171875,
        1.451171875,
        1.451171875
      ]
    },
    "head": {
      "translation": [
        0,
        -4.5,
        -3.25
      ],
      "scale": [
        2.625,
        2.625,
        2.625
      ]
    },
    "fixed": {
      "rotation": [
        180,
        -90,
        180
      ],
      "translation": [
        0,
        -2.5,
        0
      ],
      "scale": [
        1.2,
        1.2,
        1.2
      ]
    }
  }
}