{
  "parent": "builtin/entity",
  "display": {
    "thirdperson_righthand": {
      "translation": [
        0,
        -4.25,
        -2
      ]
    },
    "thirdperson_lefthand": {
      "translation": [
        0,
        -4.25,
        -2
      ]
    },
    "firstperson_righthand": {
      "rotation": [
        0,
        -2.25,
        0
      ],
      "translation": [
        -3.75,
        0.25,
        4
      ],
      "scale": [
        1,
        1,
        0.52734375
      ]
    },
    "firstperson_lefthand": {
      "rotation": [
        0,
        -2.25,
        0
      ],
      "translation": [
        -3.75,
        0.25,
        4
      ],
      "scale": [
        1,
        1,
        0.52734375
      ]
    },
    "ground": {
      "translation": [
        0,
        -3.25,
        -0.25
      ]
    },
    "gui": {
      "rotation": [
        -146.77,
        44.61,
        162.47
      ],
      "translation": [
        1.5,
        -6.75,
        0
      ],
      "scale": [
        1.25390625,
        1.25390625,
        1.25390625
      ]
    },
    "head": {
      "translation": [
        0,
        -8.25,
        -1.75
      ],
      "scale": [
        2.37890625,
        2.37890625,
        2.37890625
      ]
    },
    "fixed": {
      "rotation": [
        90,
        -61,
        90
      ],
      "translation": [
        4.25,
        -6.25,
        0
      ],
      "scale": [
        1.826171875,
        1.826171875,
        1.826171875
      ]
    }
  }
}