{
  "parent": "builtin/entity",
  "display": {
    "thirdperson_righthand": {
      "rotation": [
        67.75,
        0,
        0
      ],
      "translation": [
        0,
        8.25,
        -6.25
      ]
    },
    "thirdperson_lefthand": {
      "rotation": [
        180,
        90,
        180
      ],
      "translation": [
        -7.5,
        -3,
        0
      ]
    },
    "ground": {
      "translation": [
        0,
        -2,
        0
      ],
      "scale": [
        0.3875,
        0.3875,
        0.3875
      ]
    },
    "gui": {
      "rotation": [
        25,
        135,
        0
      ],
      "translation": [
        -1,
        -1,
        0
      ],
      "scale": [
        0.740234375,
        0.740234375,
        0.740234375
      ]
    },
    "head": {
      "translation": [
        0,
        -3.25,
        -9.75
      ],
      "scale": [
        1.9921875,
        1.9921875,
        1.9921875
      ]
    },
    "fixed": {
      "rotation": [
        0,
        -90,
        0
      ]
    }
  }
}