{
  "parent": "builtin/entity",
  "display": {
    "gui": {
      "rotation": [
        -156.63,
        49.32,
        177.26
      ],
      "translation": [
        1,
        -3,
        0
      ],
      "scale": [
        1.482421875,
        1.482421875,
        1.521484375
      ]
    },
    "ground": {
      "scale": [
        0.7,
        0.7,
        0.7
      ]
    },
    "fixed": {
      "rotation": [
        20,
        -90,
        0
      ],
      "translation": [
        -1,
        -3.5,
        1
      ],
      "scale": [
        1.16,
        1.16,
        1.16
      ]
    }
  }
}