{
  "parent": "builtin/entity",
  "display": {
    "thirdperson_righthand": {
      "translation": [
        0,
        -2.5,
        0
      ],
      "scale": [
        0.822265625,
        0.822265625,
        0.822265625
      ]
    },
    "thirdperson_lefthand": {
      "translation": [
        0,
        -2.5,
        0
      ],
      "scale": [
        0.822265625,
        0.822265625,
        0.822265625
      ]
    },
    "firstperson_righthand": {
      "translation": [
        0,
        -0.75,
        0.75
      ]
    },
    "firstperson_lefthand": {
      "translation": [
        0,
        -0.75,
        0.75
      ]
    },
    "ground": {
      "translation": [
        -0.5,
        -4.25,
        2.75
      ]
    },
    "gui": {
      "rotation": [
        -137.63,
        58.56,
        165.07
      ],
      "translation": [
        3,
        -3.75,
        0
      ],
      "scale": [
        1.06640625,
        1.06640625,
        1.06640625
      ]
    },
    "head": {
      "translation": [
        0,
        -4.5,
        2
      ],
      "scale": [
        2.24609375,
        2.24609375,
        2.24609375
      ]
    },
    "fixed": {
      "rotation": [
        180,
        -90,
        180
      ],
      "translation": [
        -5.25,
        -4.5,
        -1
      ],
      "scale": [
        1.62109375,
        1.62109375,
        1.62109375
      ]
    }
  }
}