{
  "parent": "builtin/entity",
  "display": {
    "thirdperson_righthand": {
      "translation": [
        0,
        -2.25,
        0
      ],
      "scale": [
        0.912109375,
        0.912109375,
        0.912109375
      ]
    },
    "thirdperson_lefthand": {
      "translation": [
        0,
        -2.25,
        0
      ],
      "scale": [
        0.912109375,
        0.912109375,
        0.912109375
      ]
    },
    "ground": {
      "translation": [
        0,
        -2.5,
        0
      ]
    },
    "gui": {
      "rotation": [
        -152.4,
        42.83,
        175.45
      ],
      "translation": [
        1.75,
        -4,
        0
      ],
      "scale": [
        1.4609375,
        1.330078125,
        1.619140625
      ]
    },
    "head": {
      "translation": [
        0,
        -6,
        0.25
      ],
      "scale": [
        2.24609375,
        2.24609375,
        2.24609375
      ]
    },
    "fixed": {
      "rotation": [
        180,
        -90,
        180
      ],
      "translation": [
        -3,
        -4.75,
        0
      ],
      "scale": [
        1.7421875,
        1.7421875,
        1.7421875
      ]
    }
  }
}