{
  "parent": "builtin/entity",
  "display": {
    "thirdperson_righthand": {
      "translation": [
        0,
        -2,
        -0.75
      ]
    },
    "thirdperson_lefthand": {
      "translation": [
        0,
        -2,
        -0.75
      ]
    },
    "ground": {
      "translation": [
        0,
        -3.25,
        0
      ]
    },
    "gui": {
      "rotation": [
        -152.4,
        42.83,
        175.45
      ],
      "translation": [
        -0.25,
        -4.25,
        0
      ],
      "scale": [
        1.759765625,
        1.70703125,
        1.88671875
      ]
    },
    "fixed": {
      "rotation": [
        0,
        90,
        0
      ],
      "translation": [
        -1.25,
        -4.75,
        0
      ],
      "scale": [
        2.29296875,
        2.29296875,
        2.29296875
      ]
    }
  }
}