{
	"format_version": "1.8.0",
	"animations": {
		"hold": {
			"loop": true,
			"bones": {
				"left_arm": {
					"position": {
						"vector": [0, 0, 12]
					},
					"scale": {
						"vector": [0, 0, 0]
					}
				},
				"right_arm": {
					"position": {
						"vector": [8, -1.75, 6.25]
					}
				},
				"muzzle_flash": {
					"scale": {
						"vector": [0, 0, 0]
					}
				}
			}
		},
		"reload": {
			"loop": true,
			"animation_length": 1.95833,
			"bones": {
				"left_arm": {
					"rotation": {
						"0.0": {
							"vector": [0, 0, 0]
						},
						"0.1667": {
							"vector": [0, 15, 0]
						},
						"0.3333": {
							"vector": [-28.0292, 25.70041, -5.80532]
						},
						"0.5": {
							"vector": [-45.98149, 20.67478, -19.30361]
						},
						"0.8333": {
							"vector": [-24.98149, 20.67478, -19.30361]
						},
						"0.9583": {
							"vector": [-29.17125, 31.13544, -1.61505]
						},
						"1.0417": {
							"vector": [-44.98149, 20.67478, -19.30361]
						},
						"1.125": {
							"vector": [-22.73199, 25.31355, -8.46161]
						},
						"1.4167": {
							"vector": [0, 0, 0]
						}
					},
					"position": {
						"0.0": {
							"vector": [0, 0, 12]
						},
						"0.1667": {
							"vector": [0, -9.2, 12]
						},
						"0.3333": {
							"vector": [0.2, -8.2, 6.8]
						},
						"0.5": {
							"vector": [0.2, -7.3, 4.7]
						},
						"0.8333": {
							"vector": [0.2, -8.8, 4.7]
						},
						"1.0417": {
							"vector": [0.2, -7.4, 4.7]
						},
						"1.125": {
							"vector": [2.7, -12.4, 4.7]
						},
						"1.4167": {
							"vector": [0, 0, 12]
						}
					},
					"scale": {
						"0.0": {
							"vector": [0, 0, 0]
						},
						"0.1667": {
							"vector": [1, 1, 1]
						},
						"1.125": {
							"vector": [1, 1, 1]
						},
						"1.1667": {
							"vector": [0, 0, 0]
						},
						"1.4167": {
							"vector": [0, 0, 0]
						}
					}
				},
				"right_arm": {
					"rotation": {
						"0.0": {
							"vector": [0, 0, 0]
						},
						"0.1667": {
							"vector": [-36.41256, -9.65978, -12.81613]
						},
						"0.3333": {
							"vector": [-46.03, 14.33587, 19.45443]
						},
						"1.0": {
							"vector": [-46.03, 14.33587, 19.45443]
						},
						"1.4167": {
							"vector": [0, 0, 0]
						},
						"1.5": {
							"vector": [0, 4, -18]
						},
						"1.5833": {
							"vector": [0, 0, 0]
						}
					},
					"position": {
						"0.0": {
							"vector": [8, -1.75, 6.25]
						},
						"0.1667": {
							"vector": [8, -6.15, 4.65]
						},
						"0.3333": {
							"vector": [8, -9.05, 4.65]
						},
						"1.0": {
							"vector": [8, -9.05, 4.65]
						},
						"1.4167": {
							"vector": [8, -1.75, 6.25]
						},
						"1.5833": {
							"vector": [8, -1.75, 6.25]
						}
					}
				},
				"muzzle_flash": {
					"scale": {
						"vector": [0, 0, 0]
					}
				},
				"gun": {
					"rotation": {
						"0.0": {
							"vector": [0, 0, 0]
						},
						"0.1667": {
							"vector": [-46.56711, -13.27614, -12.266]
						},
						"0.3333": {
							"vector": [-44.94873, 19.01243, 18.07445]
						},
						"1.0": {
							"vector": [-44.94873, 19.01243, 18.07445]
						},
						"1.4167": {
							"vector": [0, 0, 0]
						},
						"1.5": {
							"vector": [-3.94125, 9.19784, -23.31715]
						},
						"1.5833": {
							"vector": [0, 0, 0]
						}
					},
					"position": {
						"0.0": {
							"vector": [0, 0, 0]
						},
						"0.1667": {
							"vector": [0.1, -0.3, 1.3]
						},
						"0.3333": {
							"vector": [1.4, -2.1, 1.5]
						},
						"1.0": {
							"vector": [1.4, -2.1, 1.5]
						},
						"1.4167": {
							"vector": [0, 0, 0]
						},
						"1.5": {
							"vector": [-0.9, -0.2, 0]
						},
						"1.5833": {
							"vector": [0, 0, 0]
						}
					}
				},
				"chamber": {
					"rotation": {
						"0.0": {
							"vector": [0, 0, 0]
						},
						"0.2917": {
							"vector": [0, 0, 70]
						},
						"1.4167": {
							"vector": [0, 0, 70]
						},
						"1.5833": {
							"vector": [0, 0, 0]
						}
					},
					"position": {
						"0.0": {
							"vector": [0, 0, 0]
						},
						"0.2917": {
							"vector": [1.3, -0.55, 0]
						},
						"1.4167": {
							"vector": [1.3, -0.55, 0]
						},
						"1.5833": {
							"vector": [0, 0, 0]
						}
					}
				},
				"bullet": {
					"rotation": {
						"0.0": {
							"vector": [0, 0, 70]
						},
						"0.2917": {
							"vector": [0, 0, 70]
						},
						"0.625": {
							"vector": [0, 24, 70]
						},
						"0.875": {
							"vector": [0, 24, 70]
						},
						"0.9167": {
							"vector": [0, 2, 70]
						},
						"1.0": {
							"vector": [0, 0, 70]
						},
						"1.4167": {
							"vector": [0, 0, 70]
						},
						"1.5833": {
							"vector": [0, 0, 70]
						}
					},
					"position": {
						"0.0": {
							"vector": [0, 0, 0]
						},
						"0.2917": {
							"vector": [1.3, -0.55, 0]
						},
						"0.4583": {
							"vector": [1.3, -0.55, 0]
						},
						"0.625": {
							"vector": [1.66, -1.99, 2]
						},
						"0.6667": {
							"vector": [1, -2.35, 2.5]
						},
						"0.7083": {
							"vector": [1, -4.15, 3]
						},
						"0.75": {
							"vector": [3, -4.15, 3]
						},
						"0.875": {
							"vector": [3, -4.15, 3]
						},
						"0.9167": {
							"vector": [1.5, -1.5, 2.2]
						},
						"0.9583": {
							"vector": [1.4, -0.85, 1.4]
						},
						"1.0": {
							"vector": [1.3, -0.55, 0]
						},
						"1.4167": {
							"vector": [1.3, -0.55, 0]
						},
						"1.5833": {
							"vector": [0, 0, 0]
						}
					}
				}
			}
		},
		"inspect": {
			"animation_length": 5,
			"bones": {
				"gun": {
					"rotation": {
						"0.0": {
							"vector": [0, 0, 0]
						},
						"0.5": {
							"vector": [6.77, -7.19, -10.07]
						},
						"0.5417": {
							"vector": [43.74344, -17.25672, -20.90006]
						},
						"1.1667": {
							"vector": [360, -34.53068, -48.359]
						},
						"1.5833": {
							"vector": [383, -34.53068, -48.359]
						},
						"1.9583": {
							"vector": [383, -34.53068, -48.359]
						},
						"2.0": {
							"vector": [360, -34.53068, -48.359]
						},
						"2.0417": {
							"vector": [338.83822, -30.99306, -37.68403]
						},
						"2.4167": {
							"vector": [181.75999, -28.62767, -4.69741]
						},
						"2.9167": {
							"vector": [-41.74072, -21.41328, 67.74636]
						},
						"3.4583": {
							"vector": [-45.84271, 4.31222, 94.17584]
						},
						"4.375": {
							"vector": [-45.84271, 4.31222, 94.17584]
						},
						"5.0": {
							"vector": [0, 0, 0]
						}
					},
					"position": {
						"0.0": {
							"vector": [0, 0, 0]
						},
						"0.4583": {
							"vector": [0.71, 0.03, -0.18]
						},
						"1.0": {
							"vector": [-0.2, 0.5, -0.4]
						},
						"2.0": {
							"vector": [-0.2, 0.5, -0.4]
						},
						"2.0417": {
							"vector": [-0.04, 0.76, -0.51]
						},
						"2.4167": {
							"vector": [-0.65, 0.14, -1.54]
						},
						"2.5417": {
							"vector": [-0.72, 0.3, -1.37]
						},
						"2.9167": {
							"vector": [0, -0.1, -0.1]
						},
						"3.4583": {
							"vector": [-0.1, -0.3, 0.1]
						},
						"4.375": {
							"vector": [-0.1, -0.3, 0.1]
						},
						"4.7083": {
							"vector": [-0.35, 1.86, 0.05]
						},
						"5.0": {
							"vector": [0, 0, 0]
						}
					}
				},
				"right_arm": {
					"rotation": {
						"0.0": {
							"vector": [0, 0, 0]
						},
						"0.5": {
							"vector": [12.39, -19.42, -18.18]
						},
						"1.0": {
							"vector": [24.78507, -38.84468, -36.36024]
						},
						"2.0417": {
							"vector": [24.78507, -38.84468, -36.36024]
						},
						"2.8333": {
							"vector": [-37.30189, -18.10842, 65.11586]
						},
						"2.9167": {
							"vector": [-39.32269, -23.92746, 63.659]
						},
						"3.4583": {
							"vector": [-44.68359, -5.99934, 83.9675]
						},
						"4.375": {
							"vector": [-44.68359, -5.99934, 83.9675]
						},
						"5.0": {
							"vector": [0, 0, 0]
						}
					},