{
	"format_version": "1.8.0",
	"animations": {
		"reload": {
			"loop": true,
			"animation_length": 1.9167,
			"bones": {
				"left_arm_anim": {
					"rotation": {
						"0.0": {
							"vector": [8.32828, 16.37891, -1.41017]
						},
						"0.3333": {
							"vector": [39.14755, 46.94908, 18.99218]
						},
						"0.75": {
							"vector": [31.42874, 55.44098, 22.78181]
						},
						"1.0833": {
							"vector": [27.40443, 56.38453, 23.20288]
						},
						"1.125": {
							"vector": [31.40443, 56.38453, 23.20288]
						},
						"1.25": {
							"vector": [32.40443, 56.38453, 23.20288]
						},
						"1.9167": {
							"vector": [8.32828, 16.37891, -1.41017]
						}
					},
					"position": {
						"0.0": {
							"vector": [-1.75, -0.175, -3.325]
						},
						"0.3333": {
							"vector": [4.4, 3.75, 3.52]
						},
						"0.75": {
							"vector": [3.44, 2.18, 5.06]
						},
						"1.0833": {
							"vector": [3.24, 2.18, 4.96]
						},
						"1.125": {
							"vector": [3.44, 2.18, 5.06]
						},
						"1.25": {
							"vector": [3.44, 2.18, 5.06]
						},
						"1.9167": {
							"vector": [-1.75, -0.175, -3.325]
						}
					}
				},
				"gun_arm": {
					"rotation": {
						"0.0": {
							"vector": [0, 0, 0]
						},
						"0.75": {
							"vector": [5.60996, -37.20491, -0.94704]
						},
						"1.4167": {
							"vector": [5.60996, -37.20491, -0.94704]
						},
						"1.9167": {
							"vector": [0, 0, 0]
						}
					},
					"position": {
						"0.0": {
							"vector": [0, 0, 0]
						},
						"0.75": {
							"vector": [-6.5, 2, -1.5]
						},
						"1.4167": {
							"vector": [-6.5, 2, -1.5]
						},
						"1.9167": {
							"vector": [0, 0, 0]
						}
					},
					"scale": {
						"0.0": {
							"vector": [1, 1, 1]
						},
						"1.9167": {
							"vector": [1, 1, 1]
						}
					}
				},
				"right_arm_anim": {
					"rotation": {
						"0.0": {
							"vector": [1.82772, -4.33883, 1.75546]
						},
						"1.9167": {
							"vector": [6.82772, -4.33883, 1.75546]
						}
					},
					"position": {
						"0.0": {
							"vector": [6.975, 2.1, 7]
						},
						"1.9167": {
							"vector": [6.975, 3.35, 7]
						}
					}
				},
				"muzzle_flash": {
					"scale": {
						"0.0": {
							"vector": [0, 0, 0]
						},
						"1.9167": {
							"vector": [0, 0, 0]
						}
					}
				},
				"flame": {
					"scale": {
						"0.0": {
							"vector": [0.5, 0.3, 0.5]
						},
						"0.9583": {
							"vector": [0.5, 0.3, 0.5]
						},
						"1.9167": {
							"vector": [1, 1, 1]
						}
					}
				},
				"valve": {
					"rotation": {
						"0.75": {
							"vector": [0, 0, 0]
						},
						"1.0833": {
							"vector": [0, 0, -27.5]
						},
						"1.1667": {
							"vector": [0, 0, -27.5]
						},
						"1.375": {
							"vector": [0, 0, 0]
						}
					}
				}
			}
		},
		"shot": {
			"loop": true,
			"animation_length": 1,
			"bones": {
				"muzzle_flash": {
					"scale": {
						"vector": [0, 0, 0]
					}
				},
				"right_arm_anim": {
					"rotation": {
						"vector": [1.82772, -4.33883, 1.75546]
					},
					"position": {
						"vector": [6.975, 2.1, 7]
					}
				},
				"left_arm_anim": {
					"rotation": {
						"vector": [8.32828, 16.37891, -1.41017]
					},
					"position": {
						"vector": [-1.75, -0.175, -3.325]
					}
				},
				"gun_arm": {
					"rotation": {
						"vector": [0, 0, 0]
					},
					"position": {
						"vector": [0, 0, 0]
					},
					"scale": {
						"vector": [1, 1, 1]
					}
				},
				"flame": {
					"scale": {
						"0.0": {
							"vector": [0.47, 0.47, 0.47]
						},
						"0.4667": {
							"vector": [0.47, 0.9, 0.47],
							"easing": "step",
							"easingArgs": [20]
						},
						"0.55": {
							"vector": [0.47, 0.9, 0.47],
							"easing": "step",
							"easingArgs": [20]
						},
						"1.0": {
							"vector": [0.47, 0.47, 0.47],
							"easing": "step",
							"easingArgs": [20]
						}
					}
				}
			}
		},
		"hold": {
			"loop": true,
			"animation_length": 2,
			"bones": {
				"left_arm_anim": {
					"rotation": {
						"vector": [8.32828, 16.37891, -1.41017]
					},
					"position": {
						"vector": [-1.75, -0.175, -3.325]
					}
				},
				"gun_arm": {
					"rotation": {
						"vector": [0, 0, 0]
					},
					"position": {
						"vector": [0, 0, 0]
					},
					"scale": {
						"vector": [1, 1, 1]
					}
				},
				"muzzle_flash": {
					"scale": {
						"vector": [0, 0, 0]
					}
				},
				"right_arm_anim": {
					"rotation": {
						"vector": [1.82772, -4.33883, 1.75546]
					},
					"position": {
						"vector": [6.975, 2.1, 7]
					}
				},
				"flame": {
					"scale": {
						"0.0": {
							"vector": [0.47, 0.47, 0.47]
						},
						"0.9583": {
							"vector": [0.47, 0.9, 0.47],
							"easing": "step",
							"easingArgs": [20]
						},
						"1.0417": {
							"vector": [0.47, 0.9, 0.47],
							"easing": "step",
							"easingArgs": [20]
						},
						"2.0": {
							"vector": [0.47, 0.47, 0.47],
							"easing": "step",
							"easingArgs": [20]
						}
					}
				}
			}
		},
		"slide_off": {
			"loop": true,
			"animation_length": 0.5,
			"bones": {
				"flame": {
					"scale": {
						"0.0": {
							"vector": [1, 1, 1]
						},
						"0.5": {
							"vector": [0.5, 0.3, 0.5]
						}
					}
				}
			}
		},
		"inspect": {
			"animation_length": 2,
			"bones": {
				"gun_arm": {
					"rotation": {
						"0.0": {
							"vector": [0, 0, 0]
						},
						"0.5": {
							"vector": [-32.94034, -8.41398, 31.77744]
						},
						"1.5": {
							"vector": [-32.94034, -8.41398, 31.77744]
						},
						"2.0": {
							"vector": [0, 0, 0]
						}
					},
					"position": {
						"0.0": {
							"vector": [0, 0, 0]
						},
						"0.5": {
							"vector": [-5.9, -3.2, -4.2]
						},
						"1.5": {
							"vector": [-5.9, -3.2, -4.2]
						},
						"2.0": {
							"vector": [0, 0, 0]
						}
					}
				},
				"flame": {
					"scale": {
						"0.0": {
							"vector": [0.47, 0.47, 0.47]
						},
						"0.9583": {
							"vector": [0.47, 0.9, 0.47],
							"easing": "step",
							"easingArgs": [20]
						},
						"1.0417": {
							"vector": [0.47, 0.9, 0.47],
							"easing": "step",
							"easingArgs": [20]
						},
						"2.0": {
							"vector": [0.47, 0.47, 0.47],
							"easing": "step",
							"easingArgs": [20]
						}
					}
				},
				"right_arm_anim": {
					"rotation": {
						"0.0": {
							"vector": [1.82772, -4.33883, 1.75546]
						},
						"2.0": {
							"vector": [1.82772, -4.33883, 1.75546]
						}
					},
					"position": {
						"0.0": {
							"vector": [6.975, 2.1, 7]
						},
						"2.0": {
							"vector": [6.975, 2.1, 7]
						}
					}
				},
				"left_arm_anim": {
					"rotation": {
						"0.0": {
							"vector": [8.32828, 16.37891, -1.41017]
						},
						"0.5": {
							"vector": [-13.93118, 40.83602, -22.02903]
						},
						"1.5": {
							"vector": [-13.93118, 40.83602, -22.02903]
						},
						"2.0": {
							"vector": [8.32828, 16.37891, -1.41017]
						}
					},
					"position": {
						"0.0": {
							"vector": [-1.75, -0.175, -3.325]
						},
						"0.5": {
							"vector": [-1.75, -2.77, -0.82]
						},
						"1.5": {
							"vector": [-1.75, -2.77, -0.82]
						},
						"2.0": {
							"vector": [-1.75, -0.175, -3.325]
						}
					}
				}
			}
		},
		"void": {
			"loop": true
		}
	},
	"azurelib_format_version": 2
}