{
	"format_version": "1.8.0",
	"animations": {
		"hold": {
			"loop": true,
			"animation_length": 0.16667,
			"bones": {
				"left_arm": {
					"rotation": [-6.49553, 25.63534, -18.01071],
					"position": [1.45, 1.675, 9.325],
					"scale": [1, 1, 1.3]
				},
				"ArmLock": {
					"rotation": [0, 0, 0],
					"position": [0, 0, 0],
					"scale": 1
				},
				"muzzle_flash": {
					"scale": 0
				},
				"right_arm": {
					"rotation": [1.84695, -9.33626, 1.59405],
					"position": [6.725, 2, 18]
				},
				"flame": {
					"scale": {
						"0.0": [0.47, 0.47, 0.47],
						"0.1667": [0.47, 0.83, 0.47]
					}
				}
			}
		},
		"reload": {
			"loop": true,
			"animation_length": 2.5,
			"bones": {
				"left_arm": {
					"rotation": {
						"0.0": [-6.49553, 25.63534, -18.01071],
						"0.375": [30.93408, 22.74803, -17.83611],
						"0.625": [14.09049, 29.26164, -38.91849],
						"1.125": [45.40974, 18.07676, -41.84511],
						"1.2917": [45.40974, 18.07676, -41.84511],
						"1.625": [34.20585, 24.81668, -38.3074],
						"2.0": [-14.45502, 25.84661, -66.51055],
						"2.5": [-6.49553, 25.63534, -18.01071]
					},
					"position": {
						"0.0": [1.45, 1.675, 9.325],
						"0.375": [-0.25, 2.42, 4.62],
						"0.625": [-1, 2.42, 4.62],
						"1.125": [1.75, 2.42, 13.87],
						"1.2917": [1.75, 2.42, 22.62],
						"1.625": [-3, -7.08, 3.62],
						"2.0": [0.25, -4.78, 7.62],
						"2.5": [1.45, 1.675, 9.325]
					},
					"scale": {
						"0.0": [1, 1, 1.3],
						"2.5": [1, 1, 1.3]
					}
				},
				"ArmLock": {
					"rotation": {
						"0.0": [0, 0, 0],
						"0.375": [22.00309, -1.69996, -40.18112],
						"2.0833": [22.00309, -1.69996, -40.18112],
						"2.5": [0, 0, 0]
					},
					"position": {
						"0.0": [0, 0, 0],
						"0.375": [-5.75, 0.25, -1.5],
						"2.0833": [-5.75, 0.25, -1.5],
						"2.5": [0, 0, 0]
					},
					"scale": {
						"0.0": [1, 1, 1],
						"2.5": [1, 1, 1]
					}
				},
				"right_arm": {
					"rotation": {
						"0.0": [1.84695, -9.33626, 1.59405],
						"2.5": [1.84695, -9.33626, 1.59405]
					},
					"position": {
						"0.0": [6.725, 2, 18],
						"2.5": [6.725, 2, 18]
					}
				},
				"magazine": {
					"rotation": {
						"0.625": [0, 0, 0],
						"0.7917": [0, 0, 0],
						"1.125": [72.5, 0, 0],
						"1.1667": [74.04128, -21.3536, -26.08077],
						"1.625": [11.51, 0, 0],
						"2.0": [0, 0, 0]
					},
					"position": {
						"0.625": [0, 0, 0],
						"1.125": [-2.42282, -23.95452, -32.448],
						"1.1667": [10.52773, -13.80073, 6.1767],
						"1.625": [-0.8, -7.93, -10.74],
						"2.0": [0, 0, 0]
					},
					"scale": {
						"1.0417": [1, 1, 1],
						"1.125": [0, 0, 0],
						"1.1667": [1, 1, 1]
					}
				},
				"muzzle_flash": {
					"scale": {
						"0.0": [0, 0, 0],
						"2.5": [0, 0, 0]
					}
				},
				"bone12": {
					"rotation": {
						"0.0": [0, 0, 0],
						"0.375": [0, 0, 0],
						"0.625": [-80, 0, 0],
						"1.9583": [-80, 0, 0],
						"2.125": [0, 0, 0],
						"2.5": [0, 0, 0]
					}
				},
				"flame": {
					"scale": {
						"0.0": [0.47, 0.47, 0.47],
						"0.125": [0.47, 0.83, 0.47],
						"0.25": [0.47, 0.47, 0.47],
						"0.375": [0.47, 0.83, 0.47],
						"0.5": [0.47, 0.47, 0.47],
						"0.625": [0.47, 0.83, 0.47],
						"0.75": [0.47, 0.23, 0.47],
						"0.875": [0.47, 0.13, 0.47],
						"1.0": [0.47, 0.23, 0.47],
						"1.125": [0.47, 0.13, 0.47],
						"1.25": [0.47, 0.23, 0.47],
						"1.375": [0.47, 0.13, 0.47],
						"1.5": [0.47, 0.23, 0.47],
						"1.625": [0.47, 0.13, 0.47],
						"1.75": [0.47, 0.23, 0.47],
						"1.875": [0.47, 0.13, 0.47],
						"2.0": [0.47, 0.23, 0.47],
						"2.125": [0.47, 0.47, 0.47],
						"2.25": [0.47, 0.83, 0.47]
					}
				}
			},
			"sound_effects": {
				"0.1667": {
					"effect": "reload"
				},
				"1.375": {
					"effect": "cock"
				}
			}
		},
		"shot": {
			"loop": true,
			"animation_length": 0.16667,
			"bones": {
				"muzzle_flash": {
					"scale": 0
				},
				"right_arm": {
					"rotation": [1.84695, -9.33626, 1.59405],
					"position": [6.725, 2, 18]
				},
				"left_arm": {
					"rotation": [-6.49553, 25.63534, -18.01071],
					"position": [1.45, 1.675, 9.325],
					"scale": [1, 1, 1.3]
				},
				"model": {
					"rotation": [0, 0, 0],
					"position": [0, 0, 0]
				},
				"ArmLock": {
					"rotation": [0, 0, 0],
					"position": [0, 0, 0],
					"scale": 1
				},
				"flame": {
					"rotation": {
						"0.0": [0, 0, 0],
						"0.0833": [47.5, 0, 0]
					},
					"scale": {
						"0.0": [0.47, 0.47, 0.47],
						"0.0833": [0.47, 0.83, 0.47]
					}
				}
			}
		}
	}
}