{
	"format_version": "1.8.0",
	"animations": {
		"aim": {
			"loop": "hold_on_last_frame",
			"animation_length": 0.25,
			"bones": {
				"left_arm": {
					"rotation": {
						"0.0": [-6.49553, 25.63534, -18.01071],
						"0.25": [-17.68211, 16.28324, -19.17749]
					},
					"position": {
						"0.0": [1.45, 1.675, 9.325],
						"0.125": [13.7, -2.97, 12.13],
						"0.25": [11.25, -0.425, 9.825]
					},
					"scale": [1, 1, 1.3]
				},
				"ArmLock": {
					"rotation": {
						"0.0": [0, 0, 0],
						"0.125": [0, -10, 0],
						"0.25": [0, 0, 0]
					},
					"position": {
						"0.0": [0, 0, 0],
						"0.125": [5.2, -1.21, 0],
						"0.25": [10.4, 1.575, 0]
					},
					"scale": 1
				},
				"gun": {
					"rotation": {
						"0.0": [0, 0, 0],
						"0.125": [0, 0, 25],
						"0.25": [0, 0, 0]
					}
				},
				"right_arm": {
					"rotation": {
						"0.0": [1.84695, -9.33626, 1.59405],
						"0.125": [2.69269, -9.23413, 26.93123],
						"0.25": [1.84695, -9.33626, 1.59405]
					},
					"position": {
						"0.0": [6.725, 2, 18],
						"0.125": [13.43, 0.9, 18],
						"0.25": [6.725, 2, 18]
					}
				},
				"flame": {
					"scale": {
						"0.0": [0.47, 0.47, 0.47],
						"0.125": [0.47, 0.83, 0.47],
						"0.25": [0.47, 0.27, 0.47]
					}
				}
			}
		},
		"hold": {
			"loop": true,
			"animation_length": 1,
			"bones": {
				"left_arm": {
					"rotation": [-0.37941, 26.38888, -4.1203],
					"position": [0.5, 1.375, 10.825],
					"scale": [0.8, 0.8, 1.3]
				},
				"ArmLock": {
					"rotation": [0, 0, 0],
					"position": [0, 0, 0],
					"scale": 1
				},
				"muzzle_flash": {
					"rotation": [0, 0, 0],
					"position": [0, 0, 0],
					"scale": 0
				},
				"right_arm": {
					"rotation": [1.84695, -9.33626, 1.59405],
					"position": [6.725, 2, 18]
				},
				"flame": {
					"scale": {
						"0.0": [0.47, 0.47, 0.47],
						"0.5": [0.7, 0.7, 0.7],
						"1.0": [0.47, 0.47, 0.47]
					}
				},
				"magazine": {
					"rotation": [0, 0, 0],
					"position": [0, 0, 0],
					"scale": 1
				},
				"body": {
					"rotation": [0, 0, 0],
					"position": [0, 0, 0],
					"scale": 1
				},
				"frame": {
					"rotation": [0, 0, 0],
					"position": [0, 0, 0],
					"scale": 1
				},
				"key": {
					"rotation": [0, 0, 0],
					"position": [0, 0, 0],
					"scale": 1
				},
				"fuel_block": {
					"rotation": [0, 0, 0],
					"position": [0, 0, 0],
					"scale": 1
				},
				"fuel_main": {
					"rotation": [0, 0, 0],
					"position": [0, 0, 0],
					"scale": 1
				},
				"fuel_tank": {
					"rotation": [0, 0, 0],
					"position": [0, 0, 0],
					"scale": 1
				},
				"sensor": {
					"rotation": [0, 0, 0],
					"position": [0, 0, 0],
					"scale": 1
				},
				"arrow": {
					"rotation": [0, 0, 0],
					"position": [0, 0, 0],
					"scale": 1
				},
				"valve": {
					"rotation": [0, 0, 0],
					"position": [0, 0, 0],
					"scale": 1
				},
				"pipe_main": {
					"rotation": [0, 0, 0],
					"position": [0, 0, 0],
					"scale": 1
				},
				"pipe_child": {
					"rotation": [0, 0, 0],
					"position": [0, 0, 0],
					"scale": 1
				},
				"barrel": {
					"rotation": [0, 0, 0],
					"position": [0, 0, 0],
					"scale": 1
				}
			}
		},
		"reload": {
			"loop": true,
			"animation_length": 2.375,
			"bones": {
				"left_arm": {
					"rotation": {
						"0.0": [-0.37941, 26.38888, -4.1203],
						"0.375": [30.93408, 22.74803, -17.83611],
						"0.625": [14.09049, 29.26164, -38.91849],
						"1.125": [45.40974, 18.07676, -41.84511],
						"1.2917": [45.40974, 18.07676, -41.84511],
						"1.5833": [15.60648, 23.97411, -38.74966],
						"1.625": [16.70585, 24.81668, -38.3074],
						"1.9583": [-16.9927, 25.73217, -63.37687],
						"2.0": [-14.45502, 25.84661, -66.51055],
						"2.375": [-0.37941, 26.38888, -4.1203]
					},
					"position": {
						"0.0": [0.5, 1.375, 10.825],
						"0.375": [-0.25, 2.42, 5.22],
						"0.625": [-1, 2.42, 5.22],
						"1.125": [1.75, 2.42, 13.87],
						"1.2917": [1.75, 2.42, 22.62],
						"1.625": [-1.8, -7.08, 1.57],
						"1.9583": [0.84, -5.34, 6.05],
						"2.0": [1.625, -4.78, 7.62],
						"2.0833": [3.215, -1.55, 8.47],
						"2.375": [0.5, 1.375, 10.825]
					},
					"scale": {
						"0.0": [0.8, 0.8, 1.3],
						"2.375": [0.8, 0.8, 1.3]
					}
				},
				"ArmLock": {
					"rotation": {
						"0.0": [0, 0, 0],
						"0.375": [22.00309, -1.69996, -40.18112],
						"1.9583": [22.00309, -1.69996, -40.18112],
						"2.375": [0, 0, 0]
					},
					"position": {
						"0.0": [0, 0, 0],
						"0.375": [-5.75, 0.25, -1.5],
						"1.9583": [-5.75, 0.25, -1.5],
						"2.375": [0, 0, 0]
					},
					"scale": {
						"0.0": [1, 1, 1],
						"2.375": [1, 1, 1]
					}
				},
				"right_arm": {
					"rotation": {
						"0.0": [1.84695, -9.33626, 1.59405],
						"2.375": [1.84695, -9.33626, 1.59405]
					},
					"position": {
						"0.0": [6.725, 2, 18],
						"2.375": [6.725, 2, 18]
					}
				},
				"magazine": {
					"rotation": {
						"0.6667": [0, 0, 0],
						"0.7917": [0, 0, 0],
						"1.0833": [72.5, 0, 0],
						"1.125": [74.04128, -21.3536, -26.08077],
						"1.625": [11.51, 0, 0],
						"2.0": [0, 0, 0]
					},
					"position": {
						"0.6667": [0, 0, 0],
						"1.0833": [-2.42282, -23.95452, -32.448],
						"1.125": [10.52773, -13.80073, 6.1767],
						"1.625": [-0.8, -7.93, -10.74],
						"2.0": [0, 0, 0]
					},
					"scale": {
						"1.0": [1, 1, 1],
						"1.0833": [0, 0, 0],
						"1.125": [1, 1, 1]
					}
				},
				"muzzle_flash": {
					"scale": {
						"0.0": [0, 0, 0],
						"2.375": [0, 0, 0]
					}
				},
				"key": {
					"rotation": {
						"0.0": [0, 0, 0],
						"0.375": [0, 0, 0],
						"0.625": [-80, 0, 0],
						"1.9583": [-80, 0, 0],
						"2.125": [0, 0, 0]
					}
				},
				"flame": {
					"scale": {
						"0.0": [0.47, 0.47, 0.47],
						"0.25": [0.47, 0.83, 0.47],
						"0.5": [0.47, 0.47, 0.47],
						"0.75": [0.47, 0.23, 0.47],
						"1.125": [0.47, 0.13, 0.47],
						"1.5": [0.47, 0.23, 0.47],
						"1.875": [0.47, 0.13, 0.47],
						"2.375": [0.47, 0.47, 0.47]
					}
				}
			},
			"sound_effects": {
				"0.5417": {
					"effect": "reload"
				},
				"1.5417": {
					"effect": "cock"
				}
			}
		},
		"shot": {
			"loop": true,
			"animation_length": 1,
			"bones": {
				"muzzle_flash": {
					"scale": {
						"0.0": [0, 0, 0],
						"0.25": [0, 0, 0]
					}
				},
				"right_arm": {
					"rotation": [1.84695, -9.33626, 1.59405],
					"position": [6.725, 2, 18]
				},
				"left_arm": {
					"rotation": [-0.37941, 26.38888, -4.1203],
					"position": [0.5, 1.375, 10.825],
					"scale": [0.8, 0.8, 1.3]
				},
				"ArmLock": {
					"rotation": [0, 0, 0],
					"position": [0, 0, 0],
					"scale": 1
				},
				"flame": {
					"scale": {
						"0.0": [0.47, 0.47, 0.47],
						"0.1333": [0.47, 0.83, 0.47],
						"0.25": [0.47, 0.47, 0.47],
						"0.3833": [0.47, 0.83, 0.47],
						"0.5": [0.47, 0.47, 0.47],
						"0.6333": [0.47, 0.83, 0.47],
						"0.75": [0.47, 0.47, 0.47],
						"0.8833": [0.47, 0.83, 0.47],
						"1.0": [0.47, 0.47, 0.47]
					}
				},
				"arrow": {
					"rotation": [0, 0, 75]
				}
			}
		},
		"inspect": {
			"animation_length": 2.70833,
			"bones": {
				"gun": {
					"rotation": {
						"0.0": {
							"vector": [0, 0, 0]
						},
						"0.375": {
							"vector": [-25.47629, 4.34659, 36.87588]
						},
						"0.9583": {
							"vector": [-28.78312, -16.93684, -11.16667]
						},
						"1.6667": {
							"vector": [-25.47629, 4.34659, 36.87588]
						},
						"2.625": {
							"vector": [0, 0, 0]
						}
					},
					"position": {
						"0.0": {
							"vector": [0, 0, 0]
						},
						"0.375": {
							"vector": [0, 6, 0]
						},
						"0.9583": {
							"vector": [4.8, 6, 0]
						},
						"1.6667": {
							"vector": [0, 6, 0]
						},
						"2.625": {
							"vector": [0, 0, 0]
						}
					}
				},
				"magazine": {
					"rotation": {
						"0.0": {
							"vector": [0, 0, 0]
						},
						"2.625": {
							"vector": [0, 0, 0]
						}
					},