{
	"format_version": "1.8.0",
	"animations": {
		"hold": {
			"loop": true,
			"bones": {
				"left_arm": {
					"rotation": {
						"vector": [-6.49553, 25.63534, -18.01071]
					},
					"position": {
						"vector": [1.45, 1.675, 9.325]
					},
					"scale": {
						"vector": [1, 1, 1.3]
					}
				},
				"ArmLock": {
					"rotation": {
						"vector": [0, 0, 0]
					},
					"position": {
						"vector": [0, 0, 0]
					},
					"scale": {
						"vector": [1, 1, 1]
					}
				},
				"muzzle_flash": {
					"scale": {
						"vector": [0, 0, 0]
					}
				},
				"right_arm": {
					"rotation": {
						"vector": [1.84695, -9.33626, 1.59405]
					},
					"position": {
						"vector": [6.725, 2, 18]
					}
				}
			}
		},
		"reload": {
			"loop": true,
			"animation_length": 2.5,
			"bones": {
				"left_arm": {
					"rotation": {
						"0.0": {
							"vector": [-6.49553, 25.63534, -18.01071]
						},
						"0.375": {
							"vector": [30.93408, 22.74803, -17.83611]
						},
						"0.625": {
							"vector": [14.09049, 29.26164, -38.91849]
						},
						"1.125": {
							"vector": [45.40974, 18.07676, -41.84511]
						},
						"1.2917": {
							"vector": [45.40974, 18.07676, -41.84511]
						},
						"1.625": {
							"vector": [34.20585, 24.81668, -38.3074]
						},
						"2.0": {
							"vector": [-14.45502, 25.84661, -66.51055]
						},
						"2.5": {
							"vector": [-6.49553, 25.63534, -18.01071]
						}
					},
					"position": {
						"0.0": {
							"vector": [1.45, 1.675, 9.325]
						},
						"0.375": {
							"vector": [-0.25, 2.42, 4.62]
						},
						"0.625": {
							"vector": [-1, 2.42, 4.62]
						},
						"1.125": {
							"vector": [1.75, 2.42, 13.87]
						},
						"1.2917": {
							"vector": [1.75, 2.42, 22.62]
						},
						"1.625": {
							"vector": [-3, -7.08, 3.62]
						},
						"2.0": {
							"vector": [0.25, -4.78, 7.62]
						},
						"2.5": {
							"vector": [1.45, 1.675, 9.325]
						}
					},
					"scale": {
						"0.0": {
							"vector": [1, 1, 1.3]
						},
						"2.5": {
							"vector": [1, 1, 1.3]
						}
					}
				},
				"ArmLock": {
					"rotation": {
						"0.0": {
							"vector": [0, 0, 0]
						},
						"0.375": {
							"vector": [22.00309, -1.69996, -40.18112]
						},
						"2.0833": {
							"vector": [22.00309, -1.69996, -40.18112]
						},
						"2.5": {
							"vector": [0, 0, 0]
						}
					},
					"position": {
						"0.0": {
							"vector": [0, 0, 0]
						},
						"0.375": {
							"vector": [-5.75, 0.25, -1.5]
						},
						"2.0833": {
							"vector": [-5.75, 0.25, -1.5]
						},
						"2.5": {
							"vector": [0, 0, 0]
						}
					},
					"scale": {
						"0.0": {
							"vector": [1, 1, 1]
						},
						"2.5": {
							"vector": [1, 1, 1]
						}
					}
				},
				"right_arm": {
					"rotation": {
						"0.0": {
							"vector": [1.84695, -9.33626, 1.59405]
						},
						"2.5": {
							"vector": [1.84695, -9.33626, 1.59405]
						}
					},
					"position": {
						"0.0": {
							"vector": [6.725, 2, 18]
						},
						"2.5": {
							"vector": [6.725, 2, 18]
						}
					}
				},
				"magazine": {
					"rotation": {
						"0.625": {
							"vector": [0, 0, 0]
						},
						"0.7917": {
							"vector": [0, 0, 0]
						},
						"1.125": {
							"vector": [72.5, 0, 0],
							"easing": "easeInSine"
						},
						"1.1667": {
							"vector": [74.04128, -21.3536, -26.08077]
						},
						"1.625": {
							"vector": [11.51, 0, 0]
						},
						"2.0": {
							"vector": [0, 0, 0]
						}
					},
					"position": {
						"0.625": {
							"vector": [0, 0, 0]
						},
						"1.125": {
							"vector": [-2.42282, -23.95452, -32.448],
							"easing": "easeInSine"
						},
						"1.1667": {
							"vector": [10.52773, -13.80073, 6.1767]
						},
						"1.625": {
							"vector": [-0.8, -7.93, -10.74]
						},
						"2.0": {
							"vector": [0, 0, 0]
						}
					},
					"scale": {
						"1.0417": {
							"vector": [1, 1, 1]
						},
						"1.125": {
							"vector": [0, 0, 0]
						},
						"1.1667": {
							"vector": [1, 1, 1]
						}
					}
				},
				"muzzle_flash": {
					"scale": {
						"0.0": {
							"vector": [0, 0, 0]
						},
						"2.5": {
							"vector": [0, 0, 0]
						}
					}
				},
				"bone12": {
					"rotation": {
						"0.0": {
							"vector": [0, 0, 0]
						},
						"0.375": {
							"vector": [0, 0, 0]
						},
						"0.625": {
							"vector": [-80, 0, 0],
							"easing": "easeInSine"
						},
						"1.9583": {
							"vector": [-80, 0, 0]
						},
						"2.125": {
							"vector": [0, 0, 0],
							"easing": "easeInElastic"
						},
						"2.5": {
							"vector": [0, 0, 0]
						}
					}
				}
			}
		},
		"shot": {
			"loop": true,
			"bones": {
				"muzzle_flash": {
					"scale": {
						"vector": [0, 0, 0]
					}
				},
				"right_arm": {
					"rotation": {
						"vector": [1.84695, -9.33626, 1.59405]
					},
					"position": {
						"vector": [6.725, 2, 18]
					}
				},
				"left_arm": {
					"rotation": {
						"vector": [-6.49553, 25.63534, -18.01071]
					},
					"position": {
						"vector": [1.45, 1.675, 9.325]
					},
					"scale": {
						"vector": [1, 1, 1.3]
					}
				},
				"model": {
					"rotation": {
						"vector": [0, 0, 0]
					},
					"position": {
						"vector": [0, 0, 0]
					}
				},
				"ArmLock": {
					"rotation": {
						"vector": [0, 0, 0]
					},
					"position": {
						"vector": [0, 0, 0]
					},
					"scale": {
						"vector": [1, 1, 1]
					}
				}
			}
		}
	},
	"azurelib_format_version": 2
}