{
	"format_version": "1.8.0",
	"animations": {
		"aim": {
			"loop": "hold_on_last_frame",
			"animation_length": 0.5,
			"bones": {
				"muzzleflash": {
					"position": [2.46125, 1.125, -1.5]
				},
				"gunbody": {
					"position": {
						"0.0": [0, 0, 0],
						"0.25": [2.46125, 1.125, -1.5]
					}
				},
				"right_arm": {
					"rotation": {
						"0.0": [-2.5, -15, 0],
						"0.25": [0, -10, 17.5],
						"0.5": [0, 0, 0]
					},
					"position": {
						"0.0": [5.85, -1.05, 8.15],
						"0.5": [14.485, -1.5, 4.5]
					}
				},
				"left_arm": {
					"rotation": {
						"0.0": [-4.91629, 17.92245, -10.34561],
						"0.25": [2.49976, 13.39645, 13.11552],
						"0.5": [-4.91629, 17.92245, -10.34561]
					},
					"position": {
						"0.0": [-4.05, -1, -0.05],
						"0.25": [2.45, -1, 1.95],
						"0.5": [2.475, -1, -0.05]
					}
				},
				"gun": {
					"rotation": {
						"0.0": [0, 0, 0],
						"0.25": [0, -10, 25],
						"0.5": [0, 0, 0]
					},
					"position": {
						"0.0": [0, 0, 0],
						"0.25": [4.77, 0.18, -0.75],
						"0.5": [6.515, 0.175, -1.5]
					}
				},
				"muzzle_flash": {
					"scale": 0
				}
			}
		},
		"reload": {
			"loop": true,
			"animation_length": 2.70833,
			"bones": {
				"gun": {
					"rotation": {
						"0.0": [0, 0, 0],
						"0.5": [-18.23968, -10.12734, -30.34753],
						"0.7167": [-18.24, -10.13, -30.35],
						"0.75": [-18.64692, -9.33896, -27.94378],
						"1.2667": [-17.68406, -8.14297, -24.08182],
						"1.75": [-16.24184, -8.23972, -24.052],
						"1.9167": [-15.2392, -10.00587, -30.38447],
						"2.0333": [-15.65, -9.34, -27.94],
						"2.25": [-15.48924, -9.60842, -28.91663],
						"2.2833": [-15.65, -9.34, -27.94],
						"2.7": [0, 0, 0]
					},
					"position": {
						"0.0": [0, 0, 0],
						"0.5": [-0.3, -0.15, 2.35],
						"0.7167": [-0.3, -0.15, 2.35],
						"1.2667": [-0.15, -0.4, 2.35],
						"1.5": [-0.17, -0.43, 2.35],
						"1.75": [-0.2, -0.65, 2.35],
						"2.7": [0, 0, 0]
					}
				},
				"slide": {
					"position": [0, 0, 1]
				},
				"magazine": {
					"rotation": {
						"0.0": [0, 0, 0],
						"0.7167": [-0.13055, 0.6355, 1.64458],
						"1.0": [0.58365, -0.2833, 129.14386],
						"1.2667": [0, -22.5, 0],
						"1.75": [0, 12.5, 0],
						"1.9167": [0, 0, 0],
						"2.7": [0, 0, 0]
					},
					"position": {
						"0.0": [0, 0, 0],
						"0.7167": [0, 0, 0],
						"0.75": [0.25, 0.75, 0],
						"1.2667": [8.5, -9.25, 7.75],
						"1.75": [2, -0.5, -1.75],
						"1.9167": [0, 0, 0],
						"2.7": [0, 0, 0]
					},
					"scale": {
						"0.8833": [1, 1, 1],
						"1.0": [0, 0, 0],
						"1.2333": [0, 0, 0],
						"1.2667": [1, 1, 1]
					}
				},
				"bullet": {
					"scale": {
						"0.0": [0, 0, 0],
						"0.1667": [0, 0, 0]
					}
				},
				"right_arm": {
					"rotation": {
						"0.0": [-2.5, -15, 0],
						"0.5": [-18.00325, -8.6898, -31.26469],
						"0.7167": [-18, -8.69, -31.26],
						"0.75": [-18.34658, -7.91015, -28.85958],
						"1.75": [-16.27478, -6.62947, -25.56703],
						"2.25": [-16.68, -5.49, -21.71],
						"2.7": [-2.5, -15, 0]
					},
					"position": {
						"0.0": [5.85, -1.05, 8.15],
						"0.5": [8, -4, 9.05],
						"0.7167": [8, -4, 9.05],
						"2.25": [8, -4, 9.05],
						"2.7": [5.85, -1.05, 8.15]
					}
				},
				"left_arm": {
					"rotation": {
						"0.0": [-4.91629, 17.92245, -10.34561],
						"0.5": [-37.18404, -1.71183, -51.34901],
						"0.75": [-32.18404, -1.71183, -51.34901],
						"0.8667": [-32.18404, -1.71183, -51.34901],
						"1.2667": [14.63663, -1.7024, -28.83889],
						"1.75": [-22.62679, 6.93792, -55.76039],
						"1.9167": [-32.62679, 6.93792, -55.76039],
						"2.15": [-24.85798, -1.96537, -57.11893],
						"2.25": [-33.92867, -4.07644, -55.77782],
						"2.7": [-4.91629, 17.92245, -10.34561]
					},
					"position": {
						"0.0": [-4.05, -1, -0.05],
						"0.5": [-3.1, 1.03, 5.74],
						"0.75": [-3.1, 1.03, 5.74],
						"0.8667": [-3.1, 1.03, 5.74],
						"1.2667": [2.4, -4.22, 12.74],
						"1.75": [-2.1, -0.22, 8.99],
						"1.9167": [-2.675, 0.28, 8.99],
						"2.15": [-2.83, 0.68, 6.99],
						"2.7": [-4.05, -1, -0.05]
					}
				},
				"muzzle_flash": {
					"scale": {
						"0.0": [0, 0, 0],
						"2.7": [0, 0, 0]
					}
				},
				"bone5": {
					"rotation": {
						"0.5833": [0, 0, 0],
						"0.75": [0, 0, 60],
						"2.15": [0, 0, 60],
						"2.25": [0, 0, 0]
					}
				},
				"bone6": {
					"rotation": {
						"0.6667": [0, 0, 0],
						"0.75": [0, 65, 0],
						"1.8833": [0, 65, 0],
						"1.9667": [0, 0, 0]
					}
				}
			},
			"sound_effects": {
				"0.4667": {
					"effect": "reload"
				},
				"1.35": {
					"effect": "cock"
				}
			}
		},
		"inspect": {
			"animation_length": 5,
			"bones": {
				"gun": {
					"rotation": {
						"0.0": [0, 0, 0],
						"1.0": [32.51898, -34.53068, -48.359],
						"2.0": [32.51898, -34.53068, -48.359],
						"2.9167": [-41.74072, -21.41328, 67.74636],
						"3.4583": [-45.84271, 4.31222, 94.17584],
						"4.375": [-45.84271, 4.31222, 94.17584],
						"5.0": [0, 0, 0]
					},
					"position": {
						"0.0": [0, 0, 0],
						"0.4583": [-0.09, 0.03, -0.18],
						"1.0": [-0.2, 0.5, -0.4],
						"2.0": [-0.2, 0.5, -0.4],
						"2.4583": [-1.9, 0.1, -1.65],
						"2.5417": [-1.92, 0.3, -1.37],
						"2.9167": [0, -0.1, -0.1],
						"3.4583": [-0.1, -0.3, 0.1],
						"4.375": [-0.1, -0.3, 0.1],
						"4.7083": [-0.35, 1.86, 0.05],
						"5.0": [0, 0, 0]
					}
				},
				"right_arm": {
					"rotation": {
						"0.0": [0, 0, 0],
						"1.0": [24.78507, -38.84468, -36.36024],
						"2.0417": [24.78507, -38.84468, -36.36024],
						"2.8333": [-37.30189, -18.10842, 65.11586],
						"2.9167": [-39.32269, -23.92746, 63.659],
						"3.4583": [-44.68359, -5.99934, 83.9675],
						"4.375": [-44.68359, -5.99934, 83.9675],
						"5.0": [0, 0, 0]
					},
					"position": {
						"0.0": [8, -1, 6.8],
						"1.0": [1.7, -1.75, 3.45],
						"2.0417": [1.7, -1.75, 3.45],
						"3.4583": [1.7, -1.35, 3.45],
						"4.375": [1.7, -1.35, 3.45],
						"5.0": [8, -1, 6.8]
					}
				},
				"left_arm": {
					"position": {
						"0.0": [0, -8, 6],
						"4.25": [0, -8, 6]
					}
				},
				"muzzle_flash": {
					"scale": 0
				}
			}
		},
		"hold": {
			"loop": true,
			"bones": {
				"left_arm": {
					"rotation": [-4.91629, 17.92245, -10.34561],
					"position": [-4.05, -1, -0.05]
				},
				"right_arm": {
					"rotation": [-2.5, -15, 0],
					"position": [5.85, -1.05, 8.15]
				},
				"muzzle_flash": {
					"scale": 0
				}
			}
		},
		"shot": {
			"loop": true,
			"animation_length": 0.25,
			"bones": {
				"slide": {
					"position": {
						"0.0": [0, 0, 0],
						"0.25": [0, 0, 1.1]
					}
				},
				"bullet": {
					"rotation": {
						"0.0": [0, 0, 0],
						"0.0625": [0, 0, 0],
						"0.125": [18.88172, 6.71771, -108.88172],
						"0.25": [46.08923, -25.38167, -81.02416]
					},
					"position": {
						"0.0": [0, 0, 0],
						"0.0625": [0, 0, 0],
						"0.125": [-1.6, 0.4, -0.6],
						"0.1875": [-2.8, -0.45, -1.4],
						"0.25": [-3.2, -1.1, -1.9]
					},
					"scale": {
						"0.0": [1, 1, 1],
						"0.25": [0.29, 0.51, 0.54]
					}
				},
				"muzzle_flash": {
					"rotation": {
						"0.0": [0, 0, 0],
						"0.0625": [0, 0, 118.75],
						"0.125": [0, 0, 82.5]
					},
					"scale": {
						"0.0": [0, 0, 0],
						"0.0625": [2, 2, 2],
						"0.125": [0, 0, 0]
					}
				},
				"right_arm": {
					"rotation": [-2.5, -15, 0],
					"position": [5.85, -1.05, 8.15]
				},
				"left_arm": {
					"rotation": [-4.91629, 17.92245, -10.34561],
					"position": [-4.05, -1, -0.05]
				}
			},
			"sound_effects": {
				"0.0": {
					"effect": "fire"
				}
			}
		},
		"hide": {
			"loop": true,
			"animation_length": 0.2917,
			"bones": {
				"left_arm": {
					"position": [0, 0, 12],
					"scale": 0
				},
				"right_arm": {
					"rotation": {
						"0.0": [0, 0, 0],
						"0.25": [37.5, 0, 0]
					},
					"position": {
						"0.0": [8, -1.75, 6.25],
						"0.25": [8, -8.75, 6.25]
					},