{
	"format_version": "1.8.0",
	"animations": {
		"aim": {
			"loop": "hold_on_last_frame",
			"animation_length": 0.25,
			"bones": {
				"ArmLock": {
					"rotation": {
						"0.0": {
							"vector": [0, 0, 0]
						},
						"0.125": {
							"vector": [0, -10, 0]
						},
						"0.25": {
							"vector": [0, 0, 0]
						}
					},
					"position": {
						"0.0": {
							"vector": [0, 0, 0]
						},
						"0.125": {
							"vector": [5.2, -1.21, 0]
						},
						"0.25": {
							"vector": [10.4, 1.575, 0]
						}
					},
					"scale": {
						"vector": [1, 1, 1]
					}
				},
				"gun": {
					"rotation": {
						"0.0": {
							"vector": [0, 0, 0]
						},
						"0.125": {
							"vector": [0, -10, 0]
						},
						"0.25": {
							"vector": [0, 0, 0]
						}
					},
					"position": {
						"0.0": {
							"vector": [0, 0, 0]
						},
						"0.125": {
							"vector": [5.2, -1.21, 0]
						},
						"0.25": {
							"vector": [10.4, 1.575, 0]
						}
					}
				},
				"right_arm": {
					"rotation": {
						"vector": [-10.65119, -24.83901, 1.90415]
					},
					"position": {
						"vector": [4.325, -2, 9]
					}
				},
				"left_arm": {
					"rotation": {
						"0.0": {
							"vector": [-54.20302, 25.46232, -23.43078]
						},
						"0.25": {
							"vector": [-17.68211, 16.28324, -19.17749]
						}
					},
					"position": {
						"0.0": {
							"vector": [-2.3, -4.925, -4.125]
						},
						"0.125": {
							"vector": [5.7, -5.97, -1.87]
						},
						"0.25": {
							"vector": [6.45, -0.425, -1.875]
						}
					}
				}
			}
		},
		"reload": {
			"loop": true,
			"animation_length": 2.70833,
			"bones": {
				"gun": {
					"rotation": {
						"0.0": {
							"vector": [0, 0, 0]
						},
						"0.5": {
							"vector": [-18.23968, -10.12734, -30.34753]
						},
						"0.7167": {
							"vector": [-18.24, -10.13, -30.35]
						},
						"0.75": {
							"vector": [-18.64692, -9.33896, -27.94378]
						},
						"1.2667": {
							"vector": [-17.68406, -8.14297, -24.08182]
						},
						"1.75": {
							"vector": [-15.64692, -9.33896, -27.94378]
						},
						"1.9167": {
							"vector": [-15.2392, -10.00587, -30.38447],
							"easing": "easeInCirc"
						},
						"2.0333": {
							"vector": [-15.65, -9.34, -27.94],
							"easing": "easeOutQuint"
						},
						"2.25": {
							"vector": [-15.48924, -9.60842, -28.91663],
							"easing": "easeInElastic"
						},
						"2.2833": {
							"vector": [-15.65, -9.34, -27.94],
							"easing": "easeOutQuint"
						},
						"2.7": {
							"vector": [0, 0, 0]
						}
					},
					"position": {
						"0.0": {
							"vector": [0, 0, 0]
						},
						"0.5": {
							"vector": [-0.3, -0.15, 2.35]
						},
						"0.7167": {
							"vector": [-0.3, -0.15, 2.35]
						},
						"1.2667": {
							"vector": [-0.15, -0.4, 2.35]
						},
						"1.75": {
							"vector": [-0.2, -0.25, 2.35]
						},
						"2.7": {
							"vector": [0, 0, 0]
						}
					}
				},
				"slide": {
					"position": {
						"vector": [0, 0, 1]
					}
				},
				"magazine": {
					"rotation": {
						"0.0": {
							"vector": [0, 0, 0]
						},
						"0.7167": {
							"vector": [-0.13055, 0.6355, 1.64458]
						},
						"1.0": {
							"vector": [0.58365, -0.2833, 129.14386]
						},
						"1.2667": {
							"vector": [0, -22.5, 0]
						},
						"1.75": {
							"vector": [0, 12.5, 0]
						},
						"1.9167": {
							"vector": [0, 0, 0]
						},
						"2.7": {
							"vector": [0, 0, 0]
						}
					},
					"position": {
						"0.0": {
							"vector": [0, 0, 0]
						},
						"0.7167": {
							"vector": [0, 0, 0]
						},
						"0.75": {
							"vector": [0.25, 0.75, 0]
						},
						"1.2667": {
							"vector": [8.5, -9.25, 7.75]
						},
						"1.75": {
							"vector": [2, -0.5, -1.75]
						},
						"1.9167": {
							"vector": [0, 0, 0]
						},
						"2.7": {
							"vector": [0, 0, 0]
						}
					},
					"scale": {
						"0.8833": {
							"vector": [1, 1, 1]
						},
						"1.0": {
							"vector": [0, 0, 0]
						},
						"1.2333": {
							"vector": [0, 0, 0]
						},
						"1.2667": {
							"vector": [1, 1, 1]
						}
					}
				},
				"bullet": {
					"scale": {
						"0.0": {
							"vector": [0, 0, 0]
						},
						"0.1667": {
							"vector": [0, 0, 0]
						}
					}
				},
				"right_arm": {
					"rotation": {
						"0.0": {
							"vector": [0, 0, 0]
						},
						"0.5": {
							"vector": [-18.00325, -8.6898, -31.26469]
						},
						"0.7167": {
							"vector": [-18, -8.69, -31.26]
						},
						"0.75": {
							"vector": [-18.34658, -7.91015, -28.85958]
						},
						"1.75": {
							"vector": [-16.27478, -6.62947, -25.56703]
						},
						"2.25": {
							"vector": [-16.68, -5.49, -21.71]
						},
						"2.7": {
							"vector": [0, 0, 0]
						}
					},
					"position": {
						"0.0": {
							"vector": [8, -1, 6.8]
						},
						"0.5": {
							"vector": [8, -4, 9.05]
						},
						"0.7167": {
							"vector": [8, -4, 9.05]
						},
						"2.25": {
							"vector": [8, -4, 9.05]
						},
						"2.7": {
							"vector": [8, -1, 6.8]
						}
					}
				},
				"left_arm": {
					"rotation": {
						"0.0": {
							"vector": [-27.5, 0, 0]
						},
						"0.5": {
							"vector": [-37.18404, -1.71183, -51.34901]
						},
						"0.75": {
							"vector": [-32.18404, -1.71183, -51.34901],
							"easing": "easeOutElastic"
						},
						"0.8667": {
							"vector": [-32.18404, -1.71183, -51.34901],
							"easing": "easeOutElastic"
						},
						"1.2667": {
							"vector": [14.63663, -1.7024, -28.83889]
						},
						"1.75": {
							"vector": [-22.62679, 6.93792, -55.76039]
						},
						"1.9167": {
							"vector": [-32.62679, 6.93792, -55.76039]
						},
						"2.15": {
							"vector": [-24.85798, -1.96537, -57.11893]
						},
						"2.25": {
							"vector": [-33.92867, -4.07644, -55.77782]
						},
						"2.7": {
							"vector": [-27.5, 0, 0]
						}
					},
					"position": {
						"0.0": {
							"vector": [0, -10, 12]
						},
						"0.5": {
							"vector": [-3.1, 1.03, 5.74]
						},
						"0.75": {
							"vector": [-3.1, 1.03, 5.74]
						},
						"0.8667": {
							"vector": [-3.1, 1.03, 5.74]
						},
						"1.2667": {
							"vector": [2.4, -4.22, 12.74]
						},
						"1.75": {
							"vector": [-2.1, -0.22, 8.99]
						},
						"1.9167": {
							"vector": [-2.675, 0.28, 8.99]
						},
						"2.15": {
							"vector": [-2.83, 0.68, 6.99]
						},
						"2.7": {
							"vector": [0, -10, 12]
						}
					}
				},
				"muzzle_flash": {
					"scale": {
						"0.0": {
							"vector": [0, 0, 0]
						},
						"2.7": {
							"vector": [0, 0, 0]
						}
					}
				},
				"bone5": {
					"rotation": {
						"0.5833": {
							"vector": [0, 0, 0]
						},
						"0.75": {
							"vector": [0, 0, 60],
							"easing": "easeOutElastic"
						},
						"2.15": {
							"vector": [0, 0, 60],
							"easing": "easeOutElastic"
						},
						"2.25": {
							"vector": [0, 0, 0]
						}
					}
				},
				"bone6": {
					"rotation": {
						"0.6667": {
							"vector": [0, 0, 0]
						},
						"0.75": {
							"vector": [0, 65, 0],
							"easing": "easeOutElastic"
						},
						"1.8833": {
							"vector": [0, 65, 0],
							"easing": "easeOutElastic"
						},
						"1.9667": {
							"vector": [0, 0, 0]
						}
					}
				}
			},
			"sound_effects": {
				"0.5833": {
					"effect": "reload"
				},
				"1.5": {
					"effect": "cock"
				}
			}
		},
		"inspect": {
			"animation_length": 5,
			"bones": {
				"gun": {
					"rotation": {
						"0.0": {
							"vector": [0, 0, 0]
						},
						"1.0": {
							"vector": [32.51898, -34.53068, -48.359]
						},
						"2.0": {
							"vector": [32.51898, -34.53068, -48.359]
						},
						"2.9167": {
							"vector": [-41.74072, -21.41328, 67.74636]
						},
						"3.4583": {
							"vector": [-45.84271, 4.31222, 94.17584]
						},
						"4.375": {
							"vector": [-45.84271, 4.31222, 94.17584]
						},