{
	"format_version": "1.8.0",
	"animations": {
		"reload": {
			"animation_length": 2.70833,
			"bones": {
				"gun": {
					"rotation": {
						"0.0": {
							"vector": [0, 0, 0]
						},
						"0.6667": {
							"vector": [-8.26043, -21.54101, 21.57398]
						},
						"2.6667": {
							"vector": [0, 0, 0]
						}
					},
					"position": {
						"0.0": {
							"vector": [0, 0, 0]
						},
						"0.6667": {
							"vector": [0.8, -1.2, -1.4]
						},
						"2.6667": {
							"vector": [0, 0, 0]
						}
					}
				},
				"magazine": {
					"rotation": {
						"0.0": {
							"vector": [0, 0, 0]
						},
						"0.5417": {
							"vector": [0, 0, 0]
						},
						"1.0": {
							"vector": [0, 30, 0]
						},
						"1.5": {
							"vector": [-17.25604, 58.61018, -30.5669]
						},
						"2.0417": {
							"vector": [0, 0, 0]
						},
						"2.7083": {
							"vector": [0, 0, 0]
						}
					},
					"position": {
						"0.0": {
							"vector": [0, 0, 0]
						},
						"0.5417": {
							"vector": [0, 0, 0]
						},
						"1.0": {
							"vector": [-5.8, -2.5, 1.8]
						},
						"1.5": {
							"vector": [-6.7, -5.3, 6.9]
						},
						"2.0417": {
							"vector": [0, 0, 0]
						},
						"2.7083": {
							"vector": [0, 0, 0]
						}
					}
				},
				"bullet": {
					"scale": {
						"0.0": {
							"vector": [0, 0, 0]
						},
						"0.1667": {
							"vector": [0, 0, 0]
						}
					}
				},
				"right_arm": {
					"rotation": {
						"0.0": {
							"vector": [17.5, 0, 0]
						},
						"0.4583": {
							"vector": [12.10558, -12.89488, -3.29138]
						},
						"0.7083": {
							"vector": [25.08377, -4.53051, -2.11751]
						},
						"1.0417": {
							"vector": [28.59958, 19.33527, 9.63574]
						},
						"1.5": {
							"vector": [33.76805, 35.64623, 20.69231]
						},
						"1.9583": {
							"vector": [14.46996, 5.15861, 2.0228]
						},
						"2.6667": {
							"vector": [0, 0, 0]
						},
						"2.7083": {
							"vector": [17.5, 0, 0]
						}
					},
					"position": {
						"0.0": {
							"vector": [8, 3.3, 15.25]
						},
						"0.4583": {
							"vector": [4.04, 1.05, 9.86]
						},
						"0.7083": {
							"vector": [5.1, 0.35, 6.55]
						},
						"1.0417": {
							"vector": [4.5, -0.95, 6.55]
						},
						"1.5": {
							"vector": [2, -3.55, 9.45]
						},
						"1.9583": {
							"vector": [5.8, -0.65, 9.45]
						},
						"2.6667": {
							"vector": [8, 1.05, 15.25]
						},
						"2.7083": {
							"vector": [8, 3.3, 15.25]
						}
					}
				},
				"left_arm": {
					"rotation": {
						"0.0": {
							"vector": [9.95341, 47.3705, 7.04196]
						},
						"0.6667": {
							"vector": [34.92504, 13.77536, 17.80847]
						},
						"2.7083": {
							"vector": [9.95341, 47.3705, 7.04196]
						}
					},
					"position": {
						"0.0": {
							"vector": [0.8, 1.95, 4.65]
						},
						"0.6667": {
							"vector": [1.8, 3.9, 5.5]
						},
						"2.7083": {
							"vector": [0.8, 1.95, 4.65]
						}
					}
				},
				"muzzle_flash": {
					"scale": {
						"vector": [0, 0, 0]
					}
				}
			}
		},
		"hold": {
			"loop": true,
			"bones": {
				"left_arm": {
					"rotation": {
						"vector": [-2.08933, 33.38551, -10.98758]
					},
					"position": {
						"vector": [1.49878, 0.87611, 7.25117]
					},
					"scale": {
						"vector": [1, 1, 1.3]
					}
				},
				"right_arm": {
					"rotation": {
						"vector": [17.5, 0, 0]
					},
					"position": {
						"vector": [8, 3.3, 15.25]
					}
				},
				"muzzle_flash": {
					"scale": {
						"vector": [0, 0, 0]
					}
				}
			}
		},
		"inspect": {
			"animation_length": 2.70833,
			"bones": {
				"gun": {
					"rotation": {
						"0.0": {
							"vector": [0, 0, 0]
						},
						"0.375": {
							"vector": [-25.47629, 4.34659, 36.87588]
						},
						"0.9583": {
							"vector": [-28.78312, -16.93684, -11.16667]
						},
						"1.6667": {
							"vector": [-25.47629, 4.34659, 36.87588]
						},
						"2.625": {
							"vector": [0, 0, 0]
						}
					},
					"position": {
						"0.0": {
							"vector": [0, 0, 0]
						},
						"0.375": {
							"vector": [0, 6, 0]
						},
						"0.9583": {
							"vector": [4.8, 6, 0]
						},
						"1.6667": {
							"vector": [0, 6, 0]
						},
						"2.625": {
							"vector": [0, 0, 0]
						}
					}
				},
				"magazine": {
					"rotation": {
						"0.0": {
							"vector": [0, 0, 0]
						},
						"2.625": {
							"vector": [0, 0, 0]
						}
					},
					"position": {
						"0.0": {
							"vector": [0, 0, 0]
						},
						"2.625": {
							"vector": [0, 0, 0]
						}
					}
				},
				"bullet": {
					"scale": {
						"vector": [0, 0, 0]
					}
				},
				"right_arm": {
					"rotation": {
						"0.0": {
							"vector": [0, 0, 0]
						},
						"0.375": {
							"vector": [-10.01173, -12.54493, 39.10321]
						},
						"0.9583": {
							"vector": [-21.75692, 7.10915, 58.48955]
						},
						"1.6667": {
							"vector": [-10.01173, -12.54493, 39.10321]
						},
						"2.625": {
							"vector": [0, 0, 0]
						}
					},
					"position": {
						"0.0": {
							"vector": [8, 1.05, 15.25]
						},
						"0.375": {
							"vector": [10.3, 1.45, 20.05]
						},
						"0.9583": {
							"vector": [6.5, -0.75, 19.25]
						},
						"1.6667": {
							"vector": [10.3, 1.45, 20.05]
						},
						"2.625": {
							"vector": [8, 1.05, 15.25]
						}
					}
				},
				"left_arm": {
					"rotation": {
						"0.0": {
							"vector": [14.1269, 42.4394, 5.8723]
						},
						"0.375": {
							"vector": [-6.8731, 42.4394, 5.8723]
						},
						"0.9583": {
							"vector": [-13.77891, 41.21628, -26.49056]
						},
						"1.6667": {
							"vector": [-6.8731, 42.4394, 5.8723]
						},
						"2.625": {
							"vector": [14.1269, 42.4394, 5.8723]
						}
					},
					"position": {
						"0.0": {
							"vector": [0.8, 3.2, 5.9]
						},
						"0.375": {
							"vector": [6.2, 1.1, 9.6]
						},
						"0.9583": {
							"vector": [6.2, -2.4, 9.6]
						},
						"1.6667": {
							"vector": [6.2, 1.1, 9.6]
						},
						"2.625": {
							"vector": [0.8, 3.2, 5.9]
						}
					}
				},
				"muzzle_flash": {
					"scale": {
						"vector": [0, 0, 0]
					}
				}
			}
		},
		"slide_on": {
			"animation_length": 0.04167
		},
		"slide_off": {
			"animation_length": 0.04167
		},
		"shot": {
			"loop": true,
			"animation_length": 0.09167,
			"bones": {
				"slide": {
					"rotation": {
						"0.0": {
							"vector": [0, 0, 0]
						},
						"0.0917": {
							"vector": [0, 0, 360]
						}
					}
				},
				"bullet": {
					"rotation": {
						"0.0": {
							"vector": [0, 0, 0]
						},
						"0.0167": {
							"vector": [-5.23619, 14.0761, -20.6469]
						},
						"0.0333": {
							"vector": [-14.2155, 23.87077, -41.61594]
						}
					},
					"position": {
						"0.0": {
							"vector": [0, 0, 0]
						},
						"0.0167": {
							"vector": [-1.8, 0.5, 0]
						},
						"0.0333": {
							"vector": [-3.5, -0.7, -0.4]
						},
						"0.05": {
							"vector": [-4.3, -2.2, -1.3]
						}
					},
					"scale": {
						"0.0": {
							"vector": [1, 1, 1]
						},
						"0.0083": {
							"vector": [1, 1, 1]
						},
						"0.025": {
							"vector": [1, 1, 1]
						},
						"0.0333": {
							"vector": [0.5, 0.5, 0.5]
						},
						"0.05": {
							"vector": [0, 0, 0]
						}
					}
				},
				"muzzle_flash": {
					"scale": {
						"0.0": {
							"vector": [0, 0, 0]
						},
						"0.025": {
							"vector": [1, 1, 1]
						},
						"0.0417": {
							"vector": [0, 0, 0]
						},
						"0.0667": {
							"vector": [0, 0, 0]
						}
					}
				},
				"right_arm": {
					"position": {
						"vector": [8, 1.05, 15.25]
					}
				},
				"left_arm": {
					"rotation": {
						"vector": [9.95341, 47.3705, 7.04196]
					},
					"position": {
						"vector": [0.8, 1.95, 4.65]
					}
				}
			}
		},
		"charge": {
			"loop": true,
			"animation_length": 0.5,
			"bones": {
				"slide": {
					"rotation": {
						"0.0": {
							"vector": [0, 0, 0]
						},