{
	"format_version": "1.8.0",
	"animations": {
		"reload": {
			"animation_length": 2.7083,
			"bones": {
				"gun": {
					"rotation": {
						"0.0": {
							"vector": [0, 0, 0]
						},
						"0.7083": {
							"vector": [-8.26043, -21.54101, 21.57398]
						},
						"1.0": {
							"vector": [-8.26, -21.54, 21.57]
						},
						"1.125": {
							"vector": [-9.79501, -20.91206, 25.80806]
						},
						"1.2083": {
							"vector": [-8.26, -21.54, 21.57]
						},
						"1.9583": {
							"vector": [-8.26043, -21.54101, 21.57398]
						},
						"2.0833": {
							"vector": [-8.26, -21.54, 21.57]
						},
						"2.2083": {
							"vector": [-5.86283, -22.27843, 15.15155]
						},
						"2.2917": {
							"vector": [-8.26, -21.54, 21.57]
						},
						"2.6667": {
							"vector": [0, 0, 0]
						}
					},
					"position": {
						"0.0": {
							"vector": [0, 0, 0]
						},
						"0.7083": {
							"vector": [0.8, -1.2, -1.4]
						},
						"1.0": {
							"vector": [0.8, -1.2, -1.4]
						},
						"1.125": {
							"vector": [0.8, -1.7, -1.4]
						},
						"1.2083": {
							"vector": [0.8, -1.2, -1.4]
						},
						"1.9583": {
							"vector": [0.8, -1.2, -1.4]
						},
						"2.0833": {
							"vector": [0.8, -1.2, -1.4]
						},
						"2.2083": {
							"vector": [0.8, -1.7, -1.4]
						},
						"2.2917": {
							"vector": [0.8, -1.2, -1.4]
						},
						"2.6667": {
							"vector": [0, 0, 0]
						}
					}
				},
				"magazine": {
					"rotation": {
						"0.0": {
							"vector": [0, 0, 0]
						},
						"0.5417": {
							"vector": [0, 0, 0]
						},
						"1.0": {
							"vector": [0, 30, 0]
						},
						"1.5": {
							"vector": [-17.25604, 58.61018, -30.5669]
						},
						"2.0417": {
							"vector": [0, 0, 0]
						},
						"2.7083": {
							"vector": [0, 0, 0]
						}
					},
					"position": {
						"0.0": {
							"vector": [0, 0, 0]
						},
						"0.5417": {
							"vector": [0, 0, 0]
						},
						"1.0": {
							"vector": [-5.8, -2.5, 1.8]
						},
						"1.5": {
							"vector": [-6.7, -5.3, 6.9]
						},
						"2.0417": {
							"vector": [0, 0, 0]
						},
						"2.7083": {
							"vector": [0, 0, 0]
						}
					}
				},
				"bullet": {
					"scale": {
						"0.0": {
							"vector": [0, 0, 0]
						},
						"0.1667": {
							"vector": [0, 0, 0]
						}
					}
				},
				"right_arm_anim": {
					"rotation": {
						"0.0": {
							"vector": [17.5, 0, 0]
						},
						"0.4583": {
							"vector": [12.10558, -12.89488, -3.29138]
						},
						"0.7083": {
							"vector": [25.08377, -4.53051, -2.11751]
						},
						"1.0417": {
							"vector": [28.59958, 19.33527, 9.63574]
						},
						"1.5": {
							"vector": [33.76805, 35.64623, 20.69231]
						},
						"1.9583": {
							"vector": [14.46996, 5.15861, 2.0228]
						},
						"2.7083": {
							"vector": [17.5, 0, 0]
						}
					},
					"position": {
						"0.0": {
							"vector": [8, 3.3, 15.25]
						},
						"0.4583": {
							"vector": [4.04, 1.05, 9.86]
						},
						"0.7083": {
							"vector": [5.1, 0.35, 6.55]
						},
						"1.0417": {
							"vector": [4.5, -0.95, 6.55]
						},
						"1.5": {
							"vector": [2, -3.55, 9.45]
						},
						"1.9583": {
							"vector": [5.8, -0.65, 9.45]
						},
						"2.7083": {
							"vector": [8, 3.3, 15.25]
						}
					}
				},
				"left_arm_anim": {
					"rotation": {
						"0.0": {
							"vector": [-2.08933, 33.38551, -10.98758]
						},
						"0.7083": {
							"vector": [-2.09, 33.39, -10.99]
						},
						"0.9583": {
							"vector": [-2.09, 33.39, -10.99]
						},
						"1.125": {
							"vector": [2.91, 33.39, -10.99]
						},
						"1.2083": {
							"vector": [-2.09, 33.39, -10.99]
						},
						"1.9583": {
							"vector": [-2.09, 33.39, -10.99]
						},
						"2.0833": {
							"vector": [-2.09, 33.39, -10.99]
						},
						"2.25": {
							"vector": [2.91, 33.39, -10.99]
						},
						"2.3333": {
							"vector": [-2.09, 33.39, -10.99]
						},
						"2.7083": {
							"vector": [-2.08933, 33.38551, -10.98758]
						}
					},
					"position": {
						"0.0": {
							"vector": [1.49878, 0.87611, 7.25117]
						},
						"0.7083": {
							"vector": [4.6, -0.82, 8.1]
						},
						"0.9583": {
							"vector": [4.6, -0.82, 8.1]
						},
						"1.125": {
							"vector": [4.6, -0.32, 8.1]
						},
						"1.2083": {
							"vector": [4.6, -0.82, 8.1]
						},
						"1.9583": {
							"vector": [4.6, -0.82, 8.1]
						},
						"2.0833": {
							"vector": [4.6, -0.82, 8.1]
						},
						"2.25": {
							"vector": [4.6, -0.32, 8.1]
						},
						"2.3333": {
							"vector": [4.6, -0.82, 8.1]
						},
						"2.7083": {
							"vector": [1.49878, 0.87611, 7.25117]
						}
					},
					"scale": {
						"0.0": {
							"vector": [1, 1, 1.3]
						},
						"2.7083": {
							"vector": [1, 1, 1.3]
						}
					}
				},
				"muzzle_flash": {
					"scale": {
						"vector": [0, 0, 0]
					}
				}
			}
		},
		"hold": {
			"loop": true,
			"bones": {
				"left_arm_anim": {
					"rotation": {
						"vector": [-2.08933, 33.38551, -10.98758]
					},
					"position": {
						"vector": [1.49878, 0.87611, 7.25117]
					},
					"scale": {
						"vector": [1, 1, 1.3]
					}
				},
				"right_arm_anim": {
					"rotation": {
						"vector": [17.5, 0, 0]
					},
					"position": {
						"vector": [8, 3.3, 15.25]
					}
				},
				"muzzle_flash": {
					"scale": {
						"vector": [0, 0, 0]
					}
				}
			}
		},
		"inspect": {
			"animation_length": 5,
			"bones": {
				"gun": {
					"rotation": {
						"0.0": {
							"vector": [0, 0, 0]
						},
						"0.75": {
							"vector": [-25.47629, 4.34659, 36.87588]
						},
						"1.375": {
							"vector": [-25.47629, 4.34659, 36.87588]
						},
						"1.9583": {
							"vector": [-28.78312, -16.93684, -11.16667]
						},
						"3.3333": {
							"vector": [-28.78312, -16.93684, -11.16667]
						},
						"3.8333": {
							"vector": [-25.47629, 4.34659, 36.87588]
						},
						"4.9583": {
							"vector": [0, 0, 0]
						}
					},
					"position": {
						"0.0": {
							"vector": [0, 0, 0]
						},
						"0.75": {
							"vector": [0, 6, 0]
						},
						"1.375": {
							"vector": [0, 6, 0]
						},
						"1.9583": {
							"vector": [4.8, 6, 0]
						},
						"3.3333": {
							"vector": [4.8, 6, 0]
						},
						"3.8333": {
							"vector": [0, 6, 0]
						},
						"4.9583": {
							"vector": [0, 0, 0]
						}
					}
				},
				"magazine": {
					"rotation": {
						"0.0": {
							"vector": [0, 0, 0]
						},
						"2.625": {
							"vector": [0, 0, 0]
						}
					},
					"position": {
						"0.0": {
							"vector": [0, 0, 0]
						},
						"2.625": {
							"vector": [0, 0, 0]
						}
					}
				},
				"bullet": {
					"scale": {
						"vector": [0, 0, 0]
					}
				},
				"right_arm_anim": {
					"rotation": {
						"0.0": {
							"vector": [17.5, 0, 0]
						},
						"0.75": {
							"vector": [-10.01173, -12.54493, 39.10321]
						},
						"1.375": {
							"vector": [-10.01173, -12.54493, 39.10321]
						},
						"1.9583": {
							"vector": [-21.75692, 7.10915, 58.48955]
						},
						"3.3333": {
							"vector": [-21.75692, 7.10915, 58.48955]
						},
						"3.8333": {
							"vector": [-10.01173, -12.54493, 39.10321]
						},
						"4.9583": {
							"vector": [17.5, 0, 0]
						}
					},
					"position": {
						"0.0": {
							"vector": [8, 3.3, 15.25]
						},
						"0.75": {
							"vector": [10.3, 1.45, 20.05]
						},
						"1.375": {
							"vector": [10.3, 1.45, 20.05]
						},
						"1.9583": {
							"vector": [6.5, -0.75, 19.25]
						},
						"3.3333": {
							"vector": [6.5, -0.75, 19.25]
						},
						"3.8333": {
							"vector": [10.3, 1.45, 20.05]
						},
						"4.9583": {
							"vector": [8, 3.3, 15.25]
						}
					}
				},
				"left_arm_anim": {
					"rotation": {
						"0.0": {
							"vector": [-2.08933, 33.38551, -10.98758]
						},
						"0.75": {
							"vector": [-6.8731, 42.4394, 5.8723]
						},