{
	"format_version": "1.8.0",
	"animations": {
		"pistol_reload": {
			"animation_length": 1.5,
			"bones": {
				"right_arm": {
					"rotation": {
						"0.0": {
							"vector": [0, 0, 0]
						},
						"1.4583": {
							"vector": [0, 0, 0]
						}
					},
					"position": {
						"0.0": {
							"vector": [8, -1.75, 6.25]
						},
						"1.4583": {
							"vector": [8, -1.75, 6.25]
						}
					}
				},
				"left_arm": {
					"rotation": {
						"0.0": {
							"vector": [20, 0, 0]
						},
						"0.375": {
							"vector": [7.37872, 47.2626, 5.43327]
						},
						"0.5417": {
							"vector": [14.87872, 47.2626, 5.43327]
						},
						"0.75": {
							"vector": [20, 0, 0]
						},
						"0.9583": {
							"vector": [14.87872, 47.2626, 5.43327]
						},
						"1.125": {
							"vector": [7.37872, 47.2626, 5.43327]
						},
						"1.4583": {
							"vector": [20, 0, 0]
						}
					},
					"position": {
						"0.0": {
							"vector": [0, -4, 16]
						},
						"0.375": {
							"vector": [-1, -4, 4]
						},
						"0.5417": {
							"vector": [-1, -6, 4]
						},
						"0.75": {
							"vector": [0, -4, 16]
						},
						"0.9583": {
							"vector": [-1, -6, 4]
						},
						"1.125": {
							"vector": [-1, -4, 4]
						},
						"1.4583": {
							"vector": [0, -4, 16]
						}
					}
				},
				"model": {
					"rotation": {
						"0.0": {
							"vector": [0, 0, 0]
						},
						"0.375": {
							"vector": [-20, 0, 0]
						},
						"0.75": {
							"vector": [-17.5, 0, 0]
						},
						"1.4583": {
							"vector": [0, 0, 0]
						}
					},
					"position": {
						"0.0": {
							"vector": [0, 0, 0]
						},
						"0.375": {
							"vector": [0, 4, 0]
						},
						"1.4583": {
							"vector": [0, 0, 0]
						}
					}
				},
				"magazine": {
					"rotation": {
						"0.0": {
							"vector": [0, 0, 0]
						},
						"0.4583": {
							"vector": [0, 19.07, 0]
						},
						"0.5": {
							"vector": [-27.14563, 15.91753, 1.12399]
						},
						"0.5417": {
							"vector": [-11.39015, 17.58107, -9.64028]
						},
						"0.625": {
							"vector": [0, 26, 0]
						},
						"0.7917": {
							"vector": [-4.26543, 18.55594, 1.58417]
						},
						"0.9583": {
							"vector": [-10, 46, 0]
						},
						"1.125": {
							"vector": [-6.87724, -1.35461, 4.87442]
						}
					},
					"position": {
						"0.0": {
							"vector": [0, 0, 0]
						},
						"0.375": {
							"vector": [0, 0, 0]
						},
						"0.5": {
							"vector": [0.68, -3.47, -0.67]
						},
						"0.5417": {
							"vector": [0.9, -4.63, 0.3]
						},
						"0.625": {
							"vector": [3.1, -4.68, 2.4]
						},
						"0.7083": {
							"vector": [6.43, -4.36, 6.2]
						},
						"0.75": {
							"vector": [8.2, -4, 8.7]
						},
						"0.7917": {
							"vector": [6.56, -3.67, 6.76]
						},
						"0.875": {
							"vector": [3.28, -3.9, 2.78]
						},
						"0.9167": {
							"vector": [1.94, -4.21, 0.99]
						},
						"0.9583": {
							"vector": [0.5, -4.33, -0.6]
						},
						"1.125": {
							"vector": [-0.1, 0, -0.2]
						}
					}
				},
				"slide": {
					"position": {
						"0.375": {
							"vector": [0, 0, 0]
						},
						"0.4167": {
							"vector": [0, 0, 1]
						},
						"1.125": {
							"vector": [0, 0, 1.06]
						},
						"1.1667": {
							"vector": [0, 0, 0]
						}
					}
				},
				"bullet": {
					"position": {
						"0.0": {
							"vector": [0, 0, 0]
						},
						"1.1667": {
							"vector": [0, 0, 0]
						}
					},
					"scale": {
						"vector": [0, 0, 0]
					}
				},
				"muzzle_flash": {
					"scale": {
						"vector": [0, 0, 0]
					}
				}
			}
		},
		"hold": {
			"loop": true,
			"bones": {
				"left_arm": {
					"rotation": {
						"vector": [9.95341, 47.3705, 7.04196]
					},
					"position": {
						"vector": [0.8, 1.95, 4.65]
					}
				},
				"right_arm": {
					"position": {
						"vector": [8, 1.05, 15.25]
					}
				},
				"muzzle_flash": {
					"scale": {
						"vector": [0, 0, 0]
					}
				}
			}
		},
		"inspect": {
			"animation_length": 2.70833,
			"bones": {
				"gun": {
					"rotation": {
						"0.0": {
							"vector": [0, 0, 0]
						},
						"0.375": {
							"vector": [-25.47629, 4.34659, 36.87588]
						},
						"0.9583": {
							"vector": [-28.78312, -16.93684, -11.16667]
						},
						"1.6667": {
							"vector": [-25.47629, 4.34659, 36.87588]
						},
						"2.625": {
							"vector": [0, 0, 0]
						}
					},
					"position": {
						"0.0": {
							"vector": [0, 0, 0]
						},
						"0.375": {
							"vector": [0, 6, 0]
						},
						"0.9583": {
							"vector": [4.8, 6, 0]
						},
						"1.6667": {
							"vector": [0, 6, 0]
						},
						"2.625": {
							"vector": [0, 0, 0]
						}
					}
				},
				"magazine": {
					"rotation": {
						"0.0": {
							"vector": [0, 0, 0]
						},
						"2.625": {
							"vector": [0, 0, 0]
						}
					},
					"position": {
						"0.0": {
							"vector": [0, 0, 0]
						},
						"2.625": {
							"vector": [0, 0, 0]
						}
					}
				},
				"bullet": {
					"scale": {
						"vector": [0, 0, 0]
					}
				},
				"right_arm": {
					"rotation": {
						"0.0": {
							"vector": [0, 0, 0]
						},
						"0.375": {
							"vector": [-10.01173, -12.54493, 39.10321]
						},
						"0.9583": {
							"vector": [-21.75692, 7.10915, 58.48955]
						},
						"1.6667": {
							"vector": [-10.01173, -12.54493, 39.10321]
						},
						"2.625": {
							"vector": [0, 0, 0]
						}
					},
					"position": {
						"0.0": {
							"vector": [8, 1.05, 15.25]
						},
						"0.375": {
							"vector": [10.3, 1.45, 20.05]
						},
						"0.9583": {
							"vector": [6.5, -0.75, 19.25]
						},
						"1.6667": {
							"vector": [10.3, 1.45, 20.05]
						},
						"2.625": {
							"vector": [8, 1.05, 15.25]
						}
					}
				},
				"left_arm": {
					"rotation": {
						"0.0": {
							"vector": [14.1269, 42.4394, 5.8723]
						},
						"0.375": {
							"vector": [-6.8731, 42.4394, 5.8723]
						},
						"0.9583": {
							"vector": [-13.77891, 41.21628, -26.49056]
						},
						"1.6667": {
							"vector": [-6.8731, 42.4394, 5.8723]
						},
						"2.625": {
							"vector": [14.1269, 42.4394, 5.8723]
						}
					},
					"position": {
						"0.0": {
							"vector": [0.8, 3.2, 5.9]
						},
						"0.375": {
							"vector": [6.2, 1.1, 9.6]
						},
						"0.9583": {
							"vector": [6.2, -2.4, 9.6]
						},
						"1.6667": {
							"vector": [6.2, 1.1, 9.6]
						},
						"2.625": {
							"vector": [0.8, 3.2, 5.9]
						}
					}
				},
				"muzzle_flash": {
					"scale": {
						"vector": [0, 0, 0]
					}
				}
			}
		},
		"reload": {
			"animation_length": 2.70833,
			"bones": {
				"gun": {
					"rotation": {
						"0.0": {
							"vector": [0, 0, 0]
						},
						"0.6667": {
							"vector": [-8.26043, -21.54101, 21.57398]
						},
						"2.6667": {
							"vector": [0, 0, 0]
						}
					},
					"position": {
						"0.0": {
							"vector": [0, 0, 0]
						},
						"0.6667": {
							"vector": [0.8, -1.2, -1.4]
						},
						"2.6667": {
							"vector": [0, 0, 0]
						}
					}
				},
				"magazine": {
					"rotation": {
						"0.0": {
							"vector": [0, 0, 0]
						},
						"0.5417": {
							"vector": [0, 0, 0]
						},
						"1.0": {
							"vector": [0, 30, 0]
						},
						"1.5": {
							"vector": [-17.25604, 58.61018, -30.5669]
						},
						"2.0417": {
							"vector": [0, 0, 0]
						},
						"2.7083": {
							"vector": [0, 0, 0]
						}
					},
					"position": {
						"0.0": {
							"vector": [0, 0, 0]
						},
						"0.5417": {
							"vector": [0, 0, 0]
						},
						"1.0": {
							"vector": [-5.8, -2.5, 1.8]
						},
						"1.5": {
							"vector": [-6.7, -5.3, 6.9]
						},
						"2.0417": {
							"vector": [0, 0, 0]
						},
						"2.7083": {
							"vector": [0, 0, 0]
						}
					}
				},
				"bullet": {
					"scale": {
						"0.0": {
							"vector": [0, 0, 0]
						},
						"0.1667": {
							"vector": [0, 0, 0]
						}
					}
				},