{
	"format_version": "1.8.0",
	"animations": {
		"hold": {
			"loop": true,
			"bones": {
				"left_arm": {
					"position": {
						"vector": [0, 0, 12]
					},
					"scale": {
						"vector": [0, 0, 0]
					}
				},
				"right_arm": {
					"position": {
						"vector": [8, -1.75, 6.25]
					}
				},
				"muzzle_flash": {
					"scale": {
						"vector": [0, 0, 0]
					}
				}
			}
		},
		"reload": {
			"loop": true,
			"animation_length": 1.95833,
			"bones": {
				"left_arm": {
					"rotation": {
						"0.0": {
							"vector": [0, 0, 0]
						},
						"0.1667": {
							"vector": [0, 15, 0]
						},
						"0.3333": {
							"vector": [-28.0292, 25.70041, -5.80532]
						},
						"0.5": {
							"vector": [-45.98149, 20.67478, -19.30361]
						},
						"0.8333": {
							"vector": [-24.98149, 20.67478, -19.30361]
						},
						"0.9167": {
							"vector": [-33.77467, 27.64855, -7.51123]
						},
						"0.9583": {
							"vector": [-29.17125, 31.13544, -1.61505]
						},
						"1.0417": {
							"vector": [-44.98149, 20.67478, -19.30361]
						},
						"1.125": {
							"vector": [-22.73199, 25.31355, -8.46161]
						},
						"1.4167": {
							"vector": [0, 0, 0]
						}
					},
					"position": {
						"0.0": {
							"vector": [0, 0, 12]
						},
						"0.1667": {
							"vector": [0, -9.2, 12]
						},
						"0.3333": {
							"vector": [0.2, -8.2, 6.8]
						},
						"0.4583": {
							"vector": [-0.02, -7, 5.1]
						},
						"0.5": {
							"vector": [0.6, -7.2, 4.6]
						},
						"0.8333": {
							"vector": [0.2, -8.8, 4.7]
						},
						"0.9167": {
							"vector": [0.2, -7.54, 4.7]
						},
						"0.9583": {
							"vector": [0.2, -6.59, 5.2]
						},
						"1.0": {
							"vector": [0.4, -6.3, 5.45]
						},
						"1.0417": {
							"vector": [0.2, -7.4, 4.7]
						},
						"1.125": {
							"vector": [2.7, -12.4, 4.7]
						},
						"1.4167": {
							"vector": [0, 0, 12]
						}
					},
					"scale": {
						"0.0": {
							"vector": [0, 0, 0]
						},
						"0.1667": {
							"vector": [1, 1, 1]
						},
						"1.125": {
							"vector": [1, 1, 1]
						},
						"1.1667": {
							"vector": [0, 0, 0]
						},
						"1.4167": {
							"vector": [0, 0, 0]
						}
					}
				},
				"right_arm": {
					"rotation": {
						"0.0": {
							"vector": [0, 0, 0]
						},
						"0.1667": {
							"vector": [-36.41256, -9.65978, -12.81613]
						},
						"0.3333": {
							"vector": [-46.03, 14.33587, 19.45443]
						},
						"1.0": {
							"vector": [-46.03, 14.33587, 19.45443]
						},
						"1.4167": {
							"vector": [0, 0, 0]
						},
						"1.5": {
							"vector": [0, 4, -18]
						},
						"1.5833": {
							"vector": [0, 0, 0]
						}
					},
					"position": {
						"0.0": {
							"vector": [8, -1.75, 6.25]
						},
						"0.1667": {
							"vector": [8, -6.15, 4.65]
						},
						"0.3333": {
							"vector": [8, -9.05, 4.65]
						},
						"1.0": {
							"vector": [8, -9.05, 4.65]
						},
						"1.4167": {
							"vector": [8, -1.75, 6.25]
						},
						"1.5833": {
							"vector": [8, -1.75, 6.25]
						}
					}
				},
				"muzzle_flash": {
					"scale": {
						"vector": [0, 0, 0]
					}
				},
				"gun": {
					"rotation": {
						"0.0": {
							"vector": [0, 0, 0]
						},
						"0.1667": {
							"vector": [-46.56711, -13.27614, -12.266]
						},
						"0.3333": {
							"vector": [-44.94873, 19.01243, 18.07445]
						},
						"1.0": {
							"vector": [-44.94873, 19.01243, 18.07445]
						},
						"1.4167": {
							"vector": [0, 0, 0]
						},
						"1.5": {
							"vector": [-3.94125, 9.19784, -23.31715]
						},
						"1.5833": {
							"vector": [0, 0, 0]
						}
					},
					"position": {
						"0.0": {
							"vector": [0, 0, 0]
						},
						"0.1667": {
							"vector": [0.1, -0.3, 1.3]
						},
						"0.3333": {
							"vector": [1.4, -2.1, 1.5]
						},
						"1.0": {
							"vector": [1.4, -2.1, 1.5]
						},
						"1.4167": {
							"vector": [0, 0, 0]
						},
						"1.5": {
							"vector": [-0.9, -0.2, 0]
						},
						"1.5833": {
							"vector": [0, 0, 0]
						}
					}
				},
				"magazine": {
					"rotation": {
						"0.0": {
							"vector": [0, 0, 0]
						},
						"0.2917": {
							"vector": [0, 0, 70]
						},
						"1.4167": {
							"vector": [0, 0, 70]
						},
						"1.5833": {
							"vector": [0, 0, 0]
						}
					},
					"position": {
						"0.0": {
							"vector": [0, 0, 0]
						},
						"0.2917": {
							"vector": [1.3, -0.55, 0]
						},
						"1.4167": {
							"vector": [1.3, -0.55, 0]
						},
						"1.5833": {
							"vector": [0, 0, 0]
						}
					}
				},
				"bullet": {
					"rotation": {
						"0.0": {
							"vector": [0, 0, 70]
						},
						"0.2917": {
							"vector": [0, 0, 70]
						},
						"0.375": {
							"vector": [0, 0.80922, 70]
						},
						"0.4583": {
							"vector": [0, -4.54167, 70]
						},
						"0.625": {
							"vector": [0, 24, 70]
						},
						"0.875": {
							"vector": [0, 24, 70]
						},
						"0.9167": {
							"vector": [0, 2, 70]
						},
						"1.0": {
							"vector": [0, 0, 70]
						},
						"1.4167": {
							"vector": [0, 0, 70]
						},
						"1.5833": {
							"vector": [0, 0, 70]
						}
					},
					"position": {
						"0.0": {
							"vector": [0, 0, 0]
						},
						"0.2917": {
							"vector": [1.3, -0.55, 0]
						},
						"0.4583": {
							"vector": [1.3, -0.55, 0]
						},
						"0.5": {
							"vector": [1.39, -0.61, 0.5]
						},
						"0.625": {
							"vector": [1.66, -1.99, 2]
						},
						"0.6667": {
							"vector": [1.7, -3.45, 3.4]
						},
						"0.7083": {
							"vector": [2, -4.15, 3]
						},
						"0.75": {
							"vector": [3, -4.15, 3]
						},
						"0.875": {
							"vector": [3, -4.15, 3]
						},
						"0.9167": {
							"vector": [1.5, -1.5, 2.2]
						},
						"0.9583": {
							"vector": [1.4, -0.85, 1.4]
						},
						"1.0": {
							"vector": [1.3, -0.55, 0]
						},
						"1.4167": {
							"vector": [1.3, -0.55, 0]
						},
						"1.5833": {
							"vector": [0, 0, 0]
						}
					}
				}
			}
		},
		"shot": {
			"loop": true,
			"animation_length": 0.25,
			"bones": {
				"slide": {
					"rotation": {
						"0.0": {
							"vector": [0, 0, 0]
						},
						"0.0625": {
							"vector": [37.5, 0, 0]
						},
						"0.1875": {
							"vector": [15, 0, 0]
						},
						"0.25": {
							"vector": [0, 0, 0]
						}
					}
				},
				"bullet": {
					"rotation": {
						"0.0": {
							"vector": [0, 0, 0]
						},
						"0.0625": {
							"vector": [0, 0, 43.6]
						},
						"0.1875": {
							"vector": [0, 0, 90]
						}
					}
				},
				"muzzle_flash": {
					"position": {
						"0.0": {
							"vector": [0, 0, -1.4]
						},
						"0.0625": {
							"vector": [0, 0, -0.4]
						},
						"0.25": {
							"vector": [0, 0, -1.5]
						}
					},
					"scale": {
						"0.0": {
							"vector": [0, 0, 0]
						},
						"0.0625": {
							"vector": [1, 1, 1]
						},
						"0.125": {
							"vector": [0, 0, 0]
						}
					}
				},
				"magazine": {
					"rotation": {
						"0.0": {
							"vector": [0, 0, 0]
						},
						"0.0625": {
							"vector": [0, 0, 43.6]
						},
						"0.1875": {
							"vector": [0, 0, 90]
						}
					}
				},
				"right_arm": {
					"position": {
						"vector": [8, -1.75, 6.25]
					}
				},
				"left_arm": {
					"position": {
						"vector": [0, 0, 12]
					},
					"scale": {
						"vector": [0, 0, 0]
					}
				}
			}
		},
		"inspect": {
			"animation_length": 5,
			"bones": {
				"gun": {
					"rotation": {
						"0.0": {
							"vector": [0, 0, 0]
						},
						"0.5": {
							"vector": [6.77, -7.19, -10.07]
						},
						"0.5417": {
							"vector": [43.74344, -17.25672, -20.90006]
						},
						"0.9167": {
							"vector": [221.09938, -30.38848, -39.99148]
						},
						"1.0417": {
							"vector": [290.12334, -30.58421, -43.35989]
						},
						"1.1667": {
							"vector": [360, -34.53068, -48.359]
						},