{
	"format_version": "1.8.0",
	"animations": {
		"hold": {
			"loop": true,
			"bones": {
				"left_arm": {
					"position": {
						"vector": [0, 0, 12]
					},
					"scale": {
						"vector": [0, 0, 0]
					}
				},
				"right_arm": {
					"position": {
						"vector": [8, -1.75, 6.25]
					}
				},
				"muzzle_flash": {
					"scale": {
						"vector": [0, 0, 0]
					}
				}
			}
		},
		"reload": {
			"loop": true,
			"animation_length": 2.125,
			"bones": {
				"left_arm": {
					"rotation": {
						"0.0": {
							"vector": [0, 0, 0]
						},
						"0.4583": {
							"vector": [-27.49888, 17.48307, -34.66964]
						},
						"0.625": {
							"vector": [-27.5, 17.48, -34.67]
						},
						"0.7917": {
							"vector": [-1.92684, 24.2133, -19.1201]
						},
						"1.0": {
							"vector": [-1.92684, 24.2133, -19.1201]
						},
						"1.0833": {
							"vector": [-27.49888, 17.48307, -34.66964]
						},
						"1.125": {
							"vector": [-27.5, 17.48, -34.67]
						},
						"1.2917": {
							"vector": [-29.70578, -1.26715, -61.99445]
						},
						"1.625": {
							"vector": [-29.85504, -5.60751, -59.50718]
						},
						"1.7083": {
							"vector": [-29.86, -5.61, -59.51]
						},
						"1.8333": {
							"vector": [-17.29057, 3.83596, -78.08127]
						},
						"2.0": {
							"vector": [0, 0, 0]
						}
					},
					"position": {
						"0.0": {
							"vector": [0, 0, 12]
						},
						"0.4583": {
							"vector": [1.4, -1.9, 3.7]
						},
						"0.625": {
							"vector": [1.4, -1.9, 3.7]
						},
						"0.7917": {
							"vector": [1.4, -4.5, 4.8]
						},
						"1.0": {
							"vector": [1.4, -4.5, 4.8]
						},
						"1.0833": {
							"vector": [1.4, -1.9, 3.7]
						},
						"1.125": {
							"vector": [1.4, -1.9, 3.7]
						},
						"1.375": {
							"vector": [1.4, -1.7, 3]
						},
						"1.5": {
							"vector": [1.4, -1.5, 2.4]
						},
						"1.5833": {
							"vector": [1.4, -1.5, 1.7]
						},
						"1.7083": {
							"vector": [1.4, -1.5, 1.7]
						},
						"1.8333": {
							"vector": [4.4, -7.5, 4.7]
						},
						"2.0": {
							"vector": [0, 0, 12]
						}
					},
					"scale": {
						"0.0": {
							"vector": [0, 0, 0]
						},
						"0.125": {
							"vector": [1, 1, 1]
						},
						"0.4583": {
							"vector": [1, 1, 1]
						},
						"0.625": {
							"vector": [1, 1, 1]
						},
						"1.0833": {
							"vector": [1, 1, 1]
						},
						"1.125": {
							"vector": [1, 1, 1]
						},
						"1.7083": {
							"vector": [1, 1, 1]
						},
						"1.7917": {
							"vector": [1, 1, 1]
						},
						"1.875": {
							"vector": [0, 0, 0]
						},
						"2.0": {
							"vector": [0, 0, 0]
						}
					}
				},
				"right_arm": {
					"rotation": {
						"0.0": {
							"vector": [0, 0, 0]
						},
						"0.2083": {
							"vector": [-17.5, 0, 35]
						},
						"1.75": {
							"vector": [-17.5, 0, 35]
						},
						"2.0": {
							"vector": [0, 0, 0]
						}
					},
					"position": {
						"0.0": {
							"vector": [8, -1.75, 6.25]
						},
						"0.2083": {
							"vector": [7.3, -2.55, 6.25]
						},
						"1.75": {
							"vector": [7.3, -2.55, 6.25]
						},
						"2.0": {
							"vector": [8, -1.75, 6.25]
						}
					}
				},
				"muzzle_flash": {
					"scale": {
						"vector": [0, 0, 0]
					}
				},
				"gun": {
					"rotation": {
						"0.0": {
							"vector": [0, 0, 0]
						},
						"0.2083": {
							"vector": [-24.43497, 5.45526, 47.81794]
						},
						"1.75": {
							"vector": [-24.43497, 5.45526, 47.81794]
						},
						"2.0": {
							"vector": [0, 0, 0]
						}
					},
					"position": {
						"0.0": {
							"vector": [0, 0, 0]
						},
						"0.2083": {
							"vector": [0.9, 0.8, 0]
						},
						"1.75": {
							"vector": [0.9, 0.8, 0]
						},
						"2.0": {
							"vector": [0, 0, 0]
						}
					}
				},
				"slide": {
					"position": {
						"0.0": {
							"vector": [0, 0, 1.7]
						},
						"1.0": {
							"vector": [0, 0, 1.7]
						},
						"1.25": {
							"vector": [0, 0, 1.7]
						},
						"1.375": {
							"vector": [0, 0, 1]
						},
						"1.5": {
							"vector": [0, 0, 0.5]
						},
						"1.5833": {
							"vector": [0, 0, 0]
						}
					}
				},
				"magazine": {
					"rotation": {
						"0.0": {
							"vector": [0, 0, 0]
						},
						"0.5833": {
							"vector": [0, 0, 0]
						},
						"0.6667": {
							"vector": [-32, 0, 0]
						},
						"0.7917": {
							"vector": [-32, 0, 0]
						},
						"1.0": {
							"vector": [-32, 0, 0]
						},
						"1.0833": {
							"vector": [0, 0, 0]
						},
						"2.0": {
							"vector": [0, 0, 0]
						}
					},
					"position": {
						"0.0": {
							"vector": [0, 0, 0]
						},
						"0.5833": {
							"vector": [0, 0, 0]
						},
						"0.6667": {
							"vector": [1.1, 0, -0.7]
						},
						"0.7083": {
							"vector": [2.2, -0.6, -0.1]
						},
						"0.75": {
							"vector": [3.2, -1.3, 0.5]
						},
						"0.7917": {
							"vector": [4.4, -1.7, 0.75]
						},
						"1.0": {
							"vector": [4.4, -1.7, 0.75]
						},
						"1.0417": {
							"vector": [2.02, -0.81, 0.7]
						},
						"1.0833": {
							"vector": [0, 0, 0]
						},
						"2.0": {
							"vector": [0, 0, 0]
						}
					},
					"scale": {
						"0.0": {
							"vector": [1, 1, 1]
						},
						"0.5833": {
							"vector": [1, 1, 1]
						},
						"2.0": {
							"vector": [1, 1, 1]
						}
					}
				},
				"bullet": {
					"scale": {
						"0.0": {
							"vector": [0, 0, 0]
						},
						"2.0": {
							"vector": [0, 0, 0]
						}
					}
				}
			}
		},
		"shot": {
			"loop": true,
			"animation_length": 0.25,
			"bones": {
				"slide": {
					"position": {
						"0.0": {
							"vector": [0, 0, 0]
						},
						"0.0625": {
							"vector": [0, 0, 1.66]
						},
						"0.1875": {
							"vector": [0, 0, 1.66]
						},
						"0.25": {
							"vector": [0, 0, 0.95]
						}
					}
				},
				"bullet": {
					"rotation": {
						"0.0": {
							"vector": [0, 0, 0]
						},
						"0.0625": {
							"vector": [-8.37943, -20.90864, 1.33547]
						},
						"0.125": {
							"vector": [-34.9933, 11.7733, -3.31488]
						},
						"0.1875": {
							"vector": [-135.44116, 25.4423, -14.01547]
						}
					},
					"position": {
						"0.0": {
							"vector": [0, 0, 0]
						},
						"0.0625": {
							"vector": [0.9, 0.4, 0]
						},
						"0.125": {
							"vector": [1.9, 0.5, -0.5]
						},
						"0.1875": {
							"vector": [3.1, 0, -1.8]
						}
					},
					"scale": {
						"0.0": {
							"vector": [1, 1, 1]
						},
						"0.1875": {
							"vector": [1, 1, 1]
						},
						"0.25": {
							"vector": [0, 0, 0]
						}
					}
				},
				"muzzle_flash": {
					"scale": {
						"0.0": {
							"vector": [0, 0, 0]
						},
						"0.0625": {
							"vector": [1, 1, 1]
						},
						"0.125": {
							"vector": [0, 0, 0]
						}
					}
				}
			}
		},
		"inspect": {
			"animation_length": 5,
			"bones": {
				"gun": {
					"rotation": {
						"0.0": {
							"vector": [0, 0, 0]
						},
						"1.0": {
							"vector": [26.65826, -38.98735, -38.58844]
						},
						"2.0417": {
							"vector": [26.65826, -38.98735, -38.58844]
						},
						"2.9167": {
							"vector": [-41.74072, -21.41328, 67.74636]
						},
						"3.4583": {
							"vector": [-45.84271, 4.31222, 94.17584]
						},
						"4.375": {
							"vector": [-45.84271, 4.31222, 94.17584]
						},
						"5.0": {
							"vector": [0, 0, 0]
						}
					},
					"position": {
						"0.0": {
							"vector": [0, 0, 0]
						},
						"0.4583": {
							"vector": [-0.09, 0.03, -0.18]
						},
						"1.0": {
							"vector": [0.63, 0.36, -0.33]
						},
						"2.0417": {
							"vector": [0.63, 0.36, -0.33]
						},
						"2.4583": {
							"vector": [-1.9, 0.1, -1.65]
						},
						"2.5417": {
							"vector": [-1.92, 0.3, -1.37]
						},
						"2.9167": {
							"vector": [0, -0.1, -0.1]
						},
						"3.4583": {
							"vector": [-0.1, -0.3, 0.1]
						},