{
	"format_version": "1.8.0",
	"animations": {
		"reload": {
			"loop": "hold_on_last_frame",
			"animation_length": 1.5,
			"bones": {
				"right_arm": {
					"rotation": {
						"0.0": {
							"vector": [0, 0, 0]
						},
						"1.4583": {
							"vector": [0, 0, 0]
						}
					},
					"position": {
						"0.0": {
							"vector": [8, -1.75, 6.25]
						},
						"1.4583": {
							"vector": [8, -1.75, 6.25]
						}
					}
				},
				"left_arm": {
					"rotation": {
						"0.0": {
							"vector": [20, 0, 0]
						},
						"0.375": {
							"vector": [7.37872, 47.2626, 5.43327]
						},
						"0.5417": {
							"vector": [14.87872, 47.2626, 5.43327]
						},
						"0.75": {
							"vector": [20, 0, 0]
						},
						"0.9583": {
							"vector": [14.87872, 47.2626, 5.43327]
						},
						"1.125": {
							"vector": [7.37872, 47.2626, 5.43327]
						},
						"1.4583": {
							"vector": [20, 0, 0]
						}
					},
					"position": {
						"0.0": {
							"vector": [0, -4, 16]
						},
						"0.375": {
							"vector": [-1, -4, 4]
						},
						"0.5417": {
							"vector": [-1, -6, 4]
						},
						"0.75": {
							"vector": [0, -4, 16]
						},
						"0.9583": {
							"vector": [-1, -6, 4]
						},
						"1.125": {
							"vector": [-1, -4, 4]
						},
						"1.4583": {
							"vector": [0, -4, 16]
						}
					}
				},
				"model": {
					"rotation": {
						"0.0": {
							"vector": [0, 0, 0]
						},
						"0.375": {
							"vector": [-20, 0, 0]
						},
						"0.75": {
							"vector": [-17.5, 0, 0]
						},
						"1.4167": {
							"vector": [0, 0, 0]
						},
						"1.4583": {
							"vector": [1.5, 0, 0]
						},
						"1.5": {
							"vector": [0, 0, 0]
						}
					},
					"position": {
						"0.0": {
							"vector": [0, 0, 0]
						},
						"0.375": {
							"vector": [0, 4, 0]
						},
						"1.4583": {
							"vector": [0, 0, 0]
						}
					}
				},
				"magazine": {
					"rotation": {
						"0.0": {
							"vector": [0, 0, 0]
						},
						"0.4583": {
							"vector": [0, 19.07, 0]
						},
						"0.5": {
							"vector": [-27.14563, 15.91753, 1.12399]
						},
						"0.5417": {
							"vector": [-11.39015, 17.58107, -9.64028]
						},
						"0.625": {
							"vector": [0, 26, 0]
						},
						"0.7917": {
							"vector": [-4.26543, 18.55594, 1.58417]
						},
						"0.9583": {
							"vector": [-10, 46, 0]
						},
						"1.125": {
							"vector": [-6.87724, -1.35461, 4.87442]
						}
					},
					"position": {
						"0.0": {
							"vector": [0, 0, 0]
						},
						"0.375": {
							"vector": [0, 0, 0]
						},
						"0.5": {
							"vector": [0.68, -3.47, -0.67]
						},
						"0.5417": {
							"vector": [0.9, -4.63, 0.3]
						},
						"0.625": {
							"vector": [3.1, -4.68, 2.4]
						},
						"0.7083": {
							"vector": [6.43, -4.36, 6.2]
						},
						"0.75": {
							"vector": [8.2, -4, 8.7]
						},
						"0.7917": {
							"vector": [6.56, -3.67, 6.76]
						},
						"0.875": {
							"vector": [3.28, -3.9, 2.78]
						},
						"0.9167": {
							"vector": [1.94, -4.21, 0.99]
						},
						"0.9583": {
							"vector": [0.5, -4.33, -0.6]
						},
						"1.125": {
							"vector": [-0.1, 0, -0.2]
						}
					}
				},
				"slide": {
					"position": {
						"0.0": {
							"vector": [0, 0, 1]
						},
						"1.4167": {
							"vector": [0, 0, 1.06]
						},
						"1.4583": {
							"vector": [0, 0, 0]
						}
					}
				},
				"bullet": {
					"position": {
						"0.0": {
							"vector": [0, 0, 0]
						},
						"1.1667": {
							"vector": [0, 0, 0]
						}
					},
					"scale": {
						"vector": [0, 0, 0]
					}
				},
				"muzzle_flash": {
					"scale": {
						"vector": [0, 0, 0]
					}
				}
			}
		},
		"slide_on": {
			"animation_length": 0.04167,
			"bones": {
				"slide": {
					"position": {
						"0.0": {
							"vector": [0, 0, 0]
						},
						"0.0417": {
							"vector": [0, 0, 0]
						}
					}
				}
			}
		},
		"pistol_reload_magazine_type": {
			"animation_length": 2.70833,
			"bones": {
				"gun": {
					"rotation": {
						"0.0": {
							"vector": [0, 0, 0]
						},
						"0.75": {
							"vector": [0, -11, -48]
						},
						"2.2917": {
							"vector": [0, -11, -48]
						},
						"2.5833": {
							"vector": [0, 0, -7]
						},
						"2.6667": {
							"vector": [0, 0, 0]
						}
					},
					"position": {
						"0.0": {
							"vector": [0, 0, 0]
						},
						"0.375": {
							"vector": [0.95, 0.85, 0]
						},
						"0.75": {
							"vector": [0.3, 1.7, 0]
						},
						"2.2917": {
							"vector": [0.3, 1.7, 0]
						},
						"2.4583": {
							"vector": [0.43, 0.83, 0]
						},
						"2.5833": {
							"vector": [0, 0, 0]
						}
					}
				},
				"slide": {
					"position": {
						"0.0": {
							"vector": [0, 0, 1]
						},
						"1.8333": {
							"vector": [0, 0, 1]
						},
						"2.0": {
							"vector": [0, 0, 0]
						}
					}
				},
				"magazine": {
					"rotation": {
						"0.0": {
							"vector": [0, 0, 0]
						},
						"0.8333": {
							"vector": [-7.29726, 0.91377, 5.20651]
						},
						"1.0417": {
							"vector": [-16.87095, 27.63679, 13.08963]
						},
						"1.3333": {
							"vector": [17.04764, 21.25829, 40.22232]
						},
						"1.7083": {
							"vector": [-19.01317, 1.74525, -5.67697]
						},
						"1.8333": {
							"vector": [2.20071, -0.46055, -0.04201]
						},
						"2.125": {
							"vector": [0, 0, 0]
						}
					},
					"position": {
						"0.0": {
							"vector": [0, 0, 0]
						},
						"0.5417": {
							"vector": [0, 0, 0]
						},
						"0.8333": {
							"vector": [-0.34, -2.61, 0.68]
						},
						"1.0417": {
							"vector": [-0.82, -5.39, 0.35]
						},
						"1.3333": {
							"vector": [-2.2, -10.1, 0.7]
						},
						"1.5417": {
							"vector": [-0.54, -6.21, 0.47]
						},
						"1.7083": {
							"vector": [0.25, -3.1, 0.28]
						},
						"1.8333": {
							"vector": [0, -0.9, 0.4]
						},
						"2.125": {
							"vector": [0, 0, 0]
						}
					}
				},
				"bullet": {
					"scale": {
						"0.0": {
							"vector": [0, 0, 0]
						},
						"0.1667": {
							"vector": [0, 0, 0]
						}
					}
				},
				"right_arm": {
					"rotation": {
						"0.0": {
							"vector": [0, 0, 0]
						},
						"0.75": {
							"vector": [-1.54757, -9.07996, -39.5098]
						},
						"2.2917": {
							"vector": [-1.54757, -9.07996, -39.5098]
						},
						"2.6667": {
							"vector": [0, 0, 0]
						}
					},
					"position": {
						"0.0": {
							"vector": [8, -1.75, 6.25]
						},
						"0.75": {
							"vector": [6.9, -1.75, 6.25]
						},
						"2.2917": {
							"vector": [6.9, -1.75, 6.25]
						},
						"2.6667": {
							"vector": [8, -1.75, 6.25]
						}
					}
				},
				"left_arm": {
					"rotation": {
						"0.0": {
							"vector": [0, 0, 0]
						},
						"0.7083": {
							"vector": [-36.17121, 25.67815, -35.66651]
						},
						"1.3333": {
							"vector": [13.62735, 11.93935, -10.50697]
						},
						"1.7083": {
							"vector": [-23.03818, 3.5968, -37.94782]
						},
						"1.7917": {
							"vector": [-30.37292, 5.52237, -34.99037]
						},
						"2.0": {
							"vector": [-35.37292, 5.52237, -34.99037]
						},
						"2.6667": {
							"vector": [0, 0, 0]
						}
					},
					"position": {
						"0.0": {
							"vector": [-0.5, -8.1, 7.8]
						},
						"0.7083": {
							"vector": [-0.5, -3.5, 4.2]
						},
						"0.7917": {
							"vector": [-0.69, -4.37, 4.98]
						},
						"1.3333": {
							"vector": [0.3, -7, 7.8]
						},
						"1.7083": {
							"vector": [-1.94, -4.95, 6.07]
						},
						"1.7917": {
							"vector": [-2.8, -4.5, 5.2]
						},
						"2.6667": {
							"vector": [-0.5, -8.1, 7.8]
						}
					}
				},
				"muzzle_flash": {
					"scale": {
						"vector": [0, 0, 0]
					}
				}
			}
		},
		"inspect": {
			"animation_length": 5,
			"bones": {
				"gun": {
					"rotation": {
						"0.0": {
							"vector": [0, 0, 0]
						},