{
	"format_version": "1.8.0",
	"animations": {
		"hold": {
			"loop": true,
			"bones": {
				"left_arm": {
					"rotation": {
						"vector": [-15.1517, 31.1876, -20.48496]
					},
					"position": {
						"vector": [-2.8, -1, 3.2]
					}
				},
				"right_arm": {
					"rotation": {
						"vector": [-3.45689, -7.7531, 11.71667]
					},
					"position": {
						"vector": [5.6, 0.6, 12.15]
					}
				},
				"muzzle_flash": {
					"scale": {
						"vector": [0, 0, 0]
					}
				}
			}
		},
		"inspect": {
			"loop": true,
			"animation_length": 2,
			"bones": {
				"left_arm": {
					"rotation": {
						"0.0": {
							"vector": [-15.1517, 31.1876, -20.48496]
						},
						"0.3333": {
							"vector": [-23.1517, 31.1876, -20.48496]
						},
						"0.8333": {
							"vector": [-23.1517, 31.1876, -20.48496]
						},
						"0.9583": {
							"vector": [-20.65445, 31.00697, -5.29161]
						},
						"1.25": {
							"vector": [1.83913, 30.58548, 30.15953]
						},
						"1.7083": {
							"vector": [1.83913, 30.58548, 30.15953]
						},
						"2.0": {
							"vector": [-15.1517, 31.1876, -20.48496]
						}
					},
					"position": {
						"0.0": {
							"vector": [-2.8, -1, 3.2]
						},
						"0.3333": {
							"vector": [-1.1, -2.4, 2.3]
						},
						"0.8333": {
							"vector": [-1.1, -2.4, 2.3]
						},
						"1.25": {
							"vector": [-1, -2.6, 3.1]
						},
						"1.7083": {
							"vector": [-1, -2.6, 3.1]
						},
						"2.0": {
							"vector": [-2.8, -1, 3.2]
						}
					}
				},
				"right_arm": {
					"rotation": {
						"0.0": {
							"vector": [-3.65072, -20.22927, 12.51361]
						},
						"0.3333": {
							"vector": [10.02032, -25.39922, -25.86545]
						},
						"0.8333": {
							"vector": [10.02032, -25.39922, -25.86545]
						},
						"0.9167": {
							"vector": [-3.49692, -28.57273, -10.75759]
						},
						"1.0417": {
							"vector": [-13.80601, -25.83327, 11.97716]
						},
						"1.25": {
							"vector": [-21.13139, -14.32612, 48.5314]
						},
						"1.7083": {
							"vector": [-21.13139, -14.32612, 48.5314]
						},
						"2.0": {
							"vector": [-3.65072, -20.22927, 12.51361]
						}
					},
					"position": {
						"0.0": {
							"vector": [3.6, -0.15, 10.15]
						},
						"0.3333": {
							"vector": [1.9, -2.05, 7.15]
						},
						"0.8333": {
							"vector": [1.9, -2.05, 7.15]
						},
						"1.0417": {
							"vector": [3.59, -0.8, 7.75]
						},
						"1.1667": {
							"vector": [2.69, -0.05, 7.15]
						},
						"1.2083": {
							"vector": [2.6, 0.2, 7.15]
						},
						"1.25": {
							"vector": [1.9, 0.45, 7.15]
						},
						"1.7083": {
							"vector": [1.9, 0.45, 7.15]
						},
						"1.8333": {
							"vector": [3.48, 0.15, 7.9]
						},
						"1.875": {
							"vector": [3.57, 0.05, 8.65]
						},
						"2.0": {
							"vector": [3.6, -0.15, 10.15]
						}
					}
				},
				"muzzle_flash": {
					"scale": {
						"0.0": {
							"vector": [0, 0, 0]
						},
						"2.0": {
							"vector": [0, 0, 0]
						}
					}
				},
				"slide": {
					"rotation": {
						"vector": [0, 0, 0]
					},
					"position": {
						"vector": [0, 0, 0]
					}
				},
				"body": {
					"rotation": {
						"vector": [0, 0, 0]
					},
					"position": {
						"vector": [0, 0, 0]
					}
				},
				"bullet": {
					"rotation": {
						"vector": [0, 0, 0]
					},
					"position": {
						"vector": [0, 0, 0]
					}
				},
				"gun": {
					"rotation": {
						"0.0": {
							"vector": [0, 0, 0]
						},
						"0.3333": {
							"vector": [14.10098, -22.07113, -33.76347]
						},
						"0.8333": {
							"vector": [14.10098, -22.07113, -33.76347]
						},
						"1.25": {
							"vector": [-23.27872, 3.17149, 74.36447]
						},
						"1.7083": {
							"vector": [-23.27872, 3.17149, 74.36447]
						},
						"2.0": {
							"vector": [0, 0, 0]
						}
					},
					"position": {
						"0.0": {
							"vector": [0, 0, 0]
						},
						"0.3333": {
							"vector": [3.4, 0, -2]
						},
						"0.8333": {
							"vector": [3.4, 0, -2]
						},
						"1.25": {
							"vector": [-0.3, 3, -2]
						},
						"1.7083": {
							"vector": [-0.3, 3, -2]
						},
						"2.0": {
							"vector": [0, 0, 0]
						}
					}
				}
			}
		},
		"reload": {
			"loop": true,
			"animation_length": 3.25,
			"bones": {
				"left_arm": {
					"rotation": {
						"0.0": [-15.1517, 31.1876, -20.48496],
						"0.0417": [-8.52306, 25.89065, -14.45525],
						"0.0833": [-4.92267, 32.5346, 4.36657],
						"0.1667": [-1.83059, 57.93886, 10.48893],
						"0.5833": [-1.83059, 57.93886, 10.48893],
						"2.5": [-1.83059, 57.93886, 10.48893],
						"2.7917": [-15.1517, 31.1876, -20.48496],
						"3.25": [-15.1517, 31.1876, -20.48496]
					},
					"position": {
						"0.0": [-2.8, -1, 3.2],
						"0.1667": [1, -4.6, 2.7],
						"0.5833": [1.925, -8, 2.7],
						"2.5": [1.925, -8, 2.7],
						"2.7917": [-2.8, -2.5, 3.2],
						"3.25": [-2.8, -1, 3.2]
					}
				},
				"right_arm": {
					"rotation": {
						"0.0": [-3.65072, -20.22927, 12.51361],
						"0.0833": [1.19809, -10.43021, 15.63502],
						"0.2917": [-35.06676, 4.39726, 29.43276],
						"0.4167": [-44.52865, 18.66462, 51.68699],
						"0.5": [-49.86041, 18.66462, 51.68699],
						"0.5833": [-46.1613, 31.08626, 59.54835],
						"0.75": [-25.72975, 25.52162, 88.70325],
						"1.3333": [-15.89687, 40.27244, 105.78851],
						"2.0833": [-15.89687, 40.27244, 105.78851],
						"2.7917": [0.01616, 31.22282, 133.57844],
						"2.9583": [2.43734, 31.13712, 138.2531],
						"3.0833": [-13.66888, 12.95138, 115.02593],
						"3.25": [-3.65072, -20.22927, 12.51361]
					},
					"position": {
						"0.0": [3.6, -0.15, 10.15],
						"0.0833": [3.6, -5.55, 7.85],
						"0.2917": [2.8, 0.25, 4.85],
						"0.4167": [2.8, 1.05, 2.25],
						"0.5833": [2.8, 0.15, 2.25],
						"0.75": [3.8, 2.15, 3.56],
						"0.9167": [3.67, 8.88, 3.89],
						"1.0833": [3.54, 4.54, 4.22],
						"1.25": [3.41, 9.74, 2.55],
						"1.6667": [3.21, 5.54, 3.72],
						"1.75": [3.17, 4.38, 3.71],
						"1.8333": [3.21, 5.54, 3.72],
						"1.9167": [3.17, 4.38, 3.71],
						"2.0833": [3.14, 7.78, 2.4],
						"2.1667": [3.12, 6.44, 2.56],
						"2.25": [3.14, 7.78, 2.4],
						"2.3333": [3.41, 9.74, 2.55],
						"2.4167": [3.54, 4.54, 4.22],
						"2.7917": [2.8, 0.15, 6.05],
						"2.9583": [2.8, 0.65, 9.05],
						"3.0": [2.8, 0.9, 10.24],
						"3.0833": [2.8, 0.15, 10.05],
						"3.25": [3.6, -0.15, 10.15]
					}
				},
				"muzzle_flash": {
					"scale": 0
				},
				"slide": {
					"rotation": {
						"0.0": [46, 0, 0],
						"2.625": [46, 0, 0],
						"2.8333": [46, 0, 0],
						"3.0": [0, 0, 0]
					},
					"position": {
						"0.0": [0, 0, 0],
						"2.625": [0, 0, 0]
					}
				},
				"body": {
					"rotation": [0, 0, 0],
					"position": [0, 0, 0]
				},
				"bullet": {
					"rotation": [0, 0, 0],
					"position": {
						"0.0": [0, 0, 0],
						"0.0833": [-2.1, -3.3, 10],
						"0.1667": [-2.84, -0.95, 1.83],
						"0.2083": [-2.7, -1.6, -0.3],
						"0.25": [-2.5, -0.75, -2.35],
						"0.2917": [-2.1, 0.1, -3.9],
						"0.4167": [-0.5, -0.3, -5],
						"0.5": [0, -0.3, -4.7],
						"0.5833": [0.1, -0.1, -3.9]
					},
					"scale": {
						"0.0": [0, 0, 0],
						"0.0833": [0, 0, 0],
						"0.2083": [2, 2, 2],
						"0.4583": [2, 2, 2],
						"0.5": [1.5, 1.5, 1.5]
					}
				},
				"gun": {
					"rotation": {
						"0.0": [0, 0, 0],
						"0.1667": [-72.5, 0, 0],
						"0.5833": [-72.5, 0, 0],
						"2.5417": [-72.5, 0, 0],
						"2.7917": [0, 0, 0]
					},
					"position": {
						"0.0": [0, 0, 0],
						"0.1667": [0, -5.3, 2.2],
						"0.5833": [0, -5.3, 2.2],
						"2.5417": [0, -5.3, 2.2],
						"2.7917": [0, 0, 0]
					}
				},
				"stick": {
					"position": {
						"0.0": [0, 0, 0],
						"0.75": [0, 0, 0],
						"0.9167": [0, 0, -6],
						"1.0833": [0, 0, -6],
						"1.25": [0, 0, -19],
						"1.3333": [0, 0.75, -21],
						"1.6667": [0, 0.75, -9],
						"1.75": [0, 0.75, -7.25],
						"1.8333": [0, 0.75, -9],