{
	"format_version": "1.8.0",
	"animations": {
		"hold": {
			"loop": true,
			"animation_length": 1.5,
			"bones": {
				"left_arm_anim": {
					"rotation": {
						"vector": [-10.70366, 11.78228, -15.24542]
					},
					"position": {
						"vector": [-5.44045, -0.55714, 3.56042]
					},
					"scale": {
						"vector": [1, 1, 1.1]
					}
				},
				"right_arm_anim": {
					"rotation": {
						"vector": [1.54311, -7.7531, 11.71667]
					},
					"position": {
						"vector": [6.47946, 0.73694, 11.21592]
					},
					"scale": {
						"vector": [1, 1, 1.1]
					}
				},
				"muzzle_flash": {
					"scale": {
						"vector": [0, 0, 0]
					}
				}
			}
		},
		"inspect": {
			"loop": "hold_on_last_frame",
			"animation_length": 2,
			"bones": {
				"left_arm_anim": {
					"rotation": {
						"0.0": {
							"vector": [-10.70366, 11.78228, -15.24542]
						},
						"0.3333": {
							"vector": [-23.1517, 31.1876, -20.48496]
						},
						"0.8333": {
							"vector": [-23.1517, 31.1876, -20.48496]
						},
						"0.9583": {
							"vector": [-20.65445, 31.00697, -5.29161]
						},
						"1.25": {
							"vector": [1.83913, 30.58548, 30.15953]
						},
						"1.7083": {
							"vector": [1.83913, 30.58548, 30.15953]
						},
						"2.0": {
							"vector": [-10.70366, 11.78228, -15.24542]
						}
					},
					"position": {
						"0.0": {
							"vector": [-5.44045, -0.55714, 3.56042]
						},
						"0.3333": {
							"vector": [-1.1, -2.4, 2.3]
						},
						"0.8333": {
							"vector": [-1.1, -2.4, 2.3]
						},
						"1.25": {
							"vector": [-1, -2.6, 3.1]
						},
						"1.7083": {
							"vector": [-1, -2.6, 3.1]
						},
						"2.0": {
							"vector": [-5.44045, -0.55714, 3.56042]
						}
					},
					"scale": {
						"0.0": {
							"vector": [1, 1, 1.1]
						},
						"2.0": {
							"vector": [1, 1, 1.1]
						}
					}
				},
				"right_arm_anim": {
					"rotation": {
						"0.0": {
							"vector": [1.54311, -7.7531, 11.71667]
						},
						"0.3333": {
							"vector": [10.02032, -25.39922, -25.86545]
						},
						"0.8333": {
							"vector": [10.02032, -25.39922, -25.86545]
						},
						"0.9167": {
							"vector": [-3.49692, -28.57273, -10.75759]
						},
						"1.0417": {
							"vector": [-13.80601, -25.83327, 11.97716]
						},
						"1.25": {
							"vector": [-21.13139, -14.32612, 48.5314]
						},
						"1.7083": {
							"vector": [-21.13139, -14.32612, 48.5314]
						},
						"2.0": {
							"vector": [1.54311, -7.7531, 11.71667]
						}
					},
					"position": {
						"0.0": {
							"vector": [6.47946, 0.73694, 11.21592]
						},
						"0.3333": {
							"vector": [1.9, -2.05, 7.15]
						},
						"0.8333": {
							"vector": [1.9, -2.05, 7.15]
						},
						"1.0417": {
							"vector": [3.59, -0.8, 7.75]
						},
						"1.1667": {
							"vector": [2.69, -0.05, 7.15]
						},
						"1.2083": {
							"vector": [2.6, 0.2, 7.15]
						},
						"1.25": {
							"vector": [1.9, 0.45, 7.15]
						},
						"1.7083": {
							"vector": [1.9, 0.45, 7.15]
						},
						"1.8333": {
							"vector": [3.48, 0.15, 7.9]
						},
						"1.875": {
							"vector": [3.57, 0.05, 8.65]
						},
						"2.0": {
							"vector": [6.47946, 0.73694, 11.21592]
						}
					},
					"scale": {
						"0.0": {
							"vector": [1, 1, 1.1]
						},
						"2.0": {
							"vector": [1, 1, 1.1]
						}
					}
				},
				"muzzle_flash": {
					"scale": {
						"0.0": {
							"vector": [0, 0, 0]
						},
						"2.0": {
							"vector": [0, 0, 0]
						}
					}
				},
				"cock": {
					"rotation": {
						"vector": [0, 0, 0]
					},
					"position": {
						"vector": [0, 0, 0]
					}
				},
				"body": {
					"rotation": {
						"vector": [0, 0, 0]
					},
					"position": {
						"vector": [0, 0, 0]
					}
				},
				"bullet": {
					"rotation": {
						"vector": [0, 0, 0]
					},
					"position": {
						"vector": [0, 0, 0]
					}
				},
				"gun": {
					"rotation": {
						"0.0": {
							"vector": [0, 0, 0]
						},
						"0.3333": {
							"vector": [14.10098, -22.07113, -33.76347]
						},
						"0.8333": {
							"vector": [14.10098, -22.07113, -33.76347]
						},
						"1.25": {
							"vector": [-31.37835, -12.8876, 81.36689]
						},
						"1.625": {
							"vector": [-31.37835, -12.8876, 81.36689]
						},
						"2.0": {
							"vector": [0, 0, 0]
						}
					},
					"position": {
						"0.0": {
							"vector": [0, 0, 0]
						},
						"0.3333": {
							"vector": [3.4, 0, -2]
						},
						"0.8333": {
							"vector": [3.4, 0, -2]
						},
						"1.25": {
							"vector": [2.64607, -0.59641, -0.05556]
						},
						"1.625": {
							"vector": [2.64607, -0.59641, -0.05556]
						},
						"1.7917": {
							"vector": [0.24659, 0.90215, -0.24811]
						},
						"2.0": {
							"vector": [0, 0, 0]
						}
					}
				}
			}
		},
		"reload": {
			"loop": true,
			"animation_length": 7.1667,
			"bones": {
				"left_arm_anim": {
					"rotation": {
						"0.0": [-10.70366, 11.78228, -15.24542],
						"0.0833": [-6.54028, -7.01032, -16.18892],
						"0.2083": [-19.42705, -2.20769, -31.90048],
						"0.2917": [-42.18489, 0.99407, -42.37485],
						"0.375": [-59.94274, 4.19582, -52.84922],
						"1.6667": [-64.94274, 4.19582, -52.84922],
						"2.9167": [-59.94274, 4.19582, -52.84922],
						"5.5": [-15.1517, 31.1876, -20.48496],
						"6.6667": [-10.70366, 11.78228, -15.24542]
					},
					"position": {
						"0.0": [-5.44045, -0.55714, 3.56042],
						"0.0833": [-3.39, -1.24, 2.42],
						"0.2083": [-2.97, -3.51, -0.8],
						"0.2917": [-2.4, -5.06, -2.45],
						"0.375": [-1.83802, -3.61386, -1.59776],
						"1.6667": [-1.63172, -3.82602, -2.23242],
						"2.9167": [-1.83802, -3.61386, -1.59776],
						"5.5": [-2.8, -1, 3.2],
						"6.6667": [-5.44045, -0.55714, 3.56042]
					},
					"scale": {
						"0.0": [1, 1, 1.1],
						"6.6667": [1, 1, 1.1]
					}
				},
				"right_arm_anim": {
					"rotation": {
						"0.0": [1.54311, -7.7531, 11.71667],
						"0.0833": [1.19809, -10.43021, 15.63502],
						"0.4167": [-33.80191, -10.43021, 15.63502],
						"0.6667": [0.78572, 47.50929, 124.73084],
						"0.7083": [-0.21428, 47.50929, 124.73084],
						"0.9583": [-1.71428, 47.50929, 124.73084],
						"1.0417": [-1.82078, 50.50787, 124.58979],
						"1.125": [-1.82078, 50.50787, 124.58979],
						"1.2917": [8.28572, 47.50929, 124.73084],
						"1.4583": [-25.00886, 36.70367, 85.51869],
						"1.9167": [0.86308, 55.12843, 111.60382],
						"2.5": [0.86308, 55.12843, 111.60382],
						"2.8333": [-4.07836, 57.62813, 111.67413],
						"3.125": [0.86308, 55.12843, 111.60382],
						"3.375": [0.86308, 55.12843, 111.60382],
						"3.7917": [-1.63692, 55.12843, 111.60382],
						"6.25": [22.01985, 51.94083, 140.78571],
						"6.6667": [1.53674, -5.75382, 11.77079],
						"6.875": [-3.96326, -5.75382, 11.77079],
						"7.1667": [1.54311, -7.7531, 11.71667]
					},
					"position": {
						"0.0": [6.47946, 0.73694, 11.21592],
						"0.0833": [3.6, -5.55, 7.85],
						"0.4167": [0.2576, -15.92361, 10.14762],
						"0.6667": [2.3, 7.6, -1.2],
						"0.7083": [2.3, 7.6, -1.2],
						"0.9583": [2.56178, 6.88248, -1.19596],
						"1.2917": [2.6992, 6.6282, -2.32482],
						"1.4583": [2.78421, 5.53705, -2.17914],
						"1.9167": [4.12723, 3.71182, -2.88316],
						"2.2083": [4.2, 16.74, -6.57],
						"2.5": [4.2649, 8.77387, -3.76278],
						"2.6667": [2.95, 6.24, -3.32],
						"2.8333": [3.87723, 3.71182, -3.88316],
						"3.125": [3.95, 20.74, -8.32],
						"3.375": [5.2, 20.74, -7.82],
						"3.7917": [4.45, 7.99, -3.57],
						"3.875": [4.45, 6.99, -3.57],
						"4.1667": [4.2, 11.74, -4.82],
						"4.4583": [4.7, 7.24, -3.32],
						"4.625": [4.7, 6.24, -3.32],
						"4.7917": [4.7, 7.24, -3.32],
						"5.0": [4.7, 6.24, -3.32],
						"5.4167": [4.7, 22.49, -7.57],
						"5.5": [4.42, 22.08, -7.63],
						"5.5833": [3.66, 21.88, -8.41],
						"6.25": [3.45, 1.99, -2.57],
						"6.6667": [4.97946, 2.73694, 11.46592],
						"6.875": [4.97946, 2.73694, 12.96592],