{
	"format_version": "1.8.0",
	"animations": {
		"hold": {
			"loop": true,
			"animation_length": 1.5,
			"bones": {
				"left_arm_anim": {
					"rotation": {
						"vector": [-10.70366, 11.78228, -15.24542]
					},
					"position": {
						"vector": [-5.104, -0.92993, 7.58507]
					},
					"scale": {
						"vector": [1, 1, 1.1]
					}
				},
				"right_arm_anim": {
					"rotation": {
						"vector": [1.54311, -7.7531, 11.71667]
					},
					"position": {
						"vector": [5.49865, 0.99536, 13.09574]
					},
					"scale": {
						"vector": [1, 1, 1.1]
					}
				},
				"muzzle_flash": {
					"scale": {
						"vector": [0, 0, 0]
					}
				}
			}
		},
		"reload": {
			"loop": true,
			"animation_length": 4.5,
			"bones": {
				"left_arm_anim": {
					"rotation": {
						"0.0": {
							"vector": [-10.70366, 11.78228, -15.24542]
						},
						"0.5": {
							"vector": [-59.38338, 22.62662, -27.58673]
						},
						"1.7083": {
							"vector": [-59.38, 22.63, -27.59]
						},
						"2.2917": {
							"vector": [-48.76553, -11.03777, -39.4994]
						},
						"3.8333": {
							"vector": [-48.77, -11.04, -39.5]
						},
						"4.0": {
							"vector": [-27.6299, 11.78045, -30.72005]
						},
						"4.125": {
							"vector": [-10.70366, 11.78228, -15.24542]
						}
					},
					"position": {
						"0.0": {
							"vector": [-5.104, -0.92993, 7.58507]
						},
						"0.5": {
							"vector": [-2.44, -3.16, 0.06]
						},
						"1.7083": {
							"vector": [-2.44, -3.16, 0.06]
						},
						"2.2917": {
							"vector": [1.26, -11.76, 0.06]
						},
						"3.8333": {
							"vector": [1.26, -11.76, 0.06]
						},
						"4.0": {
							"vector": [0.28367, -6.44683, 0.38507]
						},
						"4.125": {
							"vector": [-5.104, -0.92993, 7.58507]
						}
					},
					"scale": {
						"0.0": {
							"vector": [1, 1, 1.1]
						},
						"3.8333": {
							"vector": [1, 1, 1.1]
						},
						"4.125": {
							"vector": [1, 1, 1.1]
						}
					}
				},
				"right_arm_anim": {
					"rotation": {
						"0.0": {
							"vector": [1.54311, -7.7531, 11.71667]
						},
						"0.25": {
							"vector": [-19.96995, -13.06591, 14.55265]
						},
						"0.5": {
							"vector": [-34.45689, -7.7531, 11.71667]
						},
						"0.7083": {
							"vector": [-69.90707, -15.83856, 23.22014]
						},
						"0.8333": {
							"vector": [-76.52924, 1.61112, 23.41277]
						},
						"0.9583": {
							"vector": [-82.93473, 17.99355, 25.41554]
						},
						"1.0833": {
							"vector": [-74.21618, 64.52764, 37.53868]
						},
						"1.875": {
							"vector": [145.45738, 63.53508, 250.96152]
						},
						"2.0833": {
							"vector": [57.45672, 64.20522, 173.97782]
						},
						"2.25": {
							"vector": [19.33241, 75.51484, 134.20402]
						},
						"2.2917": {
							"vector": [29.80133, 78.34224, 124.26057]
						},
						"2.4583": {
							"vector": [19.60133, 78.34224, 124.26057]
						},
						"2.5": {
							"vector": [30.80133, 78.34224, 124.26057]
						},
						"2.6667": {
							"vector": [-8.19867, 78.34224, 124.26057]
						},
						"2.8333": {
							"vector": [-29.19867, 78.34224, 124.26057]
						},
						"2.9583": {
							"vector": [6.80133, 78.34224, 124.26057]
						},
						"3.0833": {
							"vector": [-29.19867, 78.34224, 124.26057]
						},
						"3.2083": {
							"vector": [6.80133, 78.34224, 124.26057]
						},
						"3.4583": {
							"vector": [28.80133, 78.34224, 124.26057]
						},
						"3.625": {
							"vector": [-8.19867, 78.34224, 124.26057]
						},
						"3.8333": {
							"vector": [-31.31451, 31.865, 84.98497]
						},
						"3.9583": {
							"vector": [-21.86021, 14.53891, 104.83602]
						},
						"4.125": {
							"vector": [-48.81504, 57.00029, 92.50954]
						},
						"4.2083": {
							"vector": [-45.07, 63, 92.51]
						},
						"4.5": {
							"vector": [1.54311, -7.7531, 11.71667]
						}
					},
					"position": {
						"0.0": {
							"vector": [5.49865, 0.99536, 13.09574]
						},
						"0.25": {
							"vector": [5.68, -7.31, 4.57]
						},
						"0.5": {
							"vector": [4.88, -7.56, 2.32]
						},
						"0.7083": {
							"vector": [2.48, 1.94, -4.18]
						},
						"0.8333": {
							"vector": [2.48, 3.14, -4.18]
						},
						"0.9583": {
							"vector": [2.03, 2.54, -4.58]
						},
						"1.0833": {
							"vector": [1.155, 0.64, -4.58]
						},
						"1.1667": {
							"vector": [1.15, -0.86, -4.58]
						},
						"1.3333": {
							"vector": [1.185, 1.765, -3.63]
						},
						"1.5": {
							"vector": [1.19, -0.73, -3.63]
						},
						"1.7083": {
							"vector": [1.19, 1.57, -3.63]
						},
						"1.875": {
							"vector": [0.64, -1.07, -3.21]
						},
						"2.0833": {
							"vector": [0.09, -6.125, -1.09]
						},
						"2.2917": {
							"vector": [1.19, -12.03, -3.73]
						},
						"2.5": {
							"vector": [-5.91, -9.83, -3.73]
						},
						"2.6667": {
							"vector": [-3.42307, -1.64823, -5.41403]
						},
						"3.4583": {
							"vector": [1.91936, -4.58203, -5.53019]
						},
						"3.625": {
							"vector": [-1.04167, -6.82647, -4.80293]
						},
						"3.8333": {
							"vector": [-0.47123, -5.99498, 0.09686]
						},
						"3.9583": {
							"vector": [2.45929, -7.52729, 3.35148]
						},
						"4.125": {
							"vector": [-1.81769, -0.73952, 5.1345]
						},
						"4.2083": {
							"vector": [-0.97826, -0.59332, 6.02799]
						},
						"4.3333": {
							"vector": [4.01386, -5.94277, 8.22993]
						},
						"4.5": {
							"vector": [5.49865, 0.99536, 13.09574]
						}
					},
					"scale": {
						"0.0": {
							"vector": [1, 1, 1.1]
						},
						"4.5": {
							"vector": [1, 1, 1.1]
						}
					}
				},
				"muzzle_flash": {
					"scale": {
						"vector": [0, 0, 0]
					}
				},
				"model": {
					"rotation": {
						"0.0": {
							"vector": [0, 0, 0]
						},
						"0.8333": {
							"vector": [0, 0, -5.5]
						},
						"1.5": {
							"vector": [0, 0, 0]
						},
						"2.5": {
							"vector": [0, 0, -5.5]
						},
						"4.25": {
							"vector": [0, 0, 0]
						}
					},
					"position": {
						"0.0": {
							"vector": [0, 0, 0]
						},
						"0.8333": {
							"vector": [0.5, -1.8, 0]
						},
						"1.5": {
							"vector": [0, 0, 0]
						},
						"2.5": {
							"vector": [0.5, -1.8, 0]
						},
						"4.25": {
							"vector": [0, 0, 0]
						}
					}
				},
				"gun": {
					"rotation": {
						"0.0": {
							"vector": [0, 0, 0]
						},
						"0.5": {
							"vector": [-106.9609, 73.26807, -25.97212]
						},
						"1.7083": {
							"vector": [-106.96, 73.27, -25.97]
						},
						"2.2917": {
							"vector": [-69.96, 73.27, -25.97]
						},
						"3.8333": {
							"vector": [-69.96, 73.27, -25.97]
						},
						"4.0": {
							"vector": [-24.84778, -10.26786, -36.18988]
						},
						"4.125": {
							"vector": [0, 0, 0]
						}
					},
					"position": {
						"0.0": {
							"vector": [0, 0, 0]
						},
						"0.5": {
							"vector": [1.2, -8.9, 0]
						},
						"1.7083": {
							"vector": [1.2, -8.9, 0]
						},
						"2.2917": {
							"vector": [10.6, -13.6, 0]
						},
						"3.8333": {
							"vector": [10.6, -13.6, 0]
						},
						"4.125": {
							"vector": [0, 0, 0]
						}
					},
					"scale": {
						"0.0": {
							"vector": [1, 1, 1]
						},
						"3.8333": {
							"vector": [1, 1, 1]
						},
						"4.125": {
							"vector": [1, 1, 1]
						}
					}
				},
				"magazine": {
					"rotation": {
						"0.0": {
							"vector": [0, 0, 0]
						},
						"4.125": {
							"vector": [0, 0, 0]
						}
					},
					"position": {
						"0.0": {
							"vector": [0, 0, 0]
						},
						"0.5": {
							"vector": [0, 0, -4]
						},
						"0.5833": {
							"vector": [0, 0, -4]
						},
						"0.625": {
							"vector": [0.9, -0.4, -4]
						},
						"0.7083": {
							"vector": [1.80186, -1.14941, -4.49778]
						},
						"0.8333": {
							"vector": [0.75, -0.4, -5.65]
						},
						"0.9583": {
							"vector": [-0.05, 0.1, -4.75]
						},