{
	"format_version": "1.8.0",
	"animations": {
		"shot": {
			"loop": true,
			"animation_length": 0.9167,
			"bones": {
				"slide": {
					"position": {
						"0.0": {
							"vector": [0, 0, 0]
						},
						"0.3833": {
							"vector": [0, 0, 0]
						},
						"0.45": {
							"vector": [0, 0, 2.5]
						},
						"0.6333": {
							"vector": [0, 0, 0]
						}
					}
				},
				"muzzle_flash": {
					"scale": {
						"0.0": {
							"vector": [0, 0, 0]
						},
						"0.0833": {
							"vector": [1.5, 1.5, 1.5]
						},
						"0.1667": {
							"vector": [0, 0, 0]
						}
					}
				},
				"right_arm_anim": {
					"rotation": {
						"vector": [4.37371, -19.33935, 1.83801]
					},
					"position": {
						"vector": [5.525, 1.6, 10.5]
					}
				},
				"left_arm_anim": {
					"rotation": {
						"0.0": {
							"vector": [-21.70302, 25.46232, -23.43078]
						},
						"0.3833": {
							"vector": [-21.70302, 25.46232, -23.43078]
						},
						"0.6333": {
							"vector": [-21.70302, 25.46232, -23.43078]
						}
					},
					"position": {
						"0.0": {
							"vector": [-3.05, -1.625, -1.025]
						},
						"0.3833": {
							"vector": [-3.05, -1.625, -1.025]
						},
						"0.5167": {
							"vector": [-2.8, -1.62, 1.73]
						},
						"0.6333": {
							"vector": [-3.05, -1.625, -1.025]
						}
					},
					"scale": {
						"0.0": {
							"vector": [1, 1, 1.1]
						},
						"0.6333": {
							"vector": [1, 1, 1.1]
						}
					}
				},
				"model": {
					"rotation": {
						"0.0": {
							"vector": [0, 0, 0]
						},
						"0.05": {
							"vector": [-7.5, 0, 0]
						},
						"0.3833": {
							"vector": [-18.33026, -1.45665, -10.02381]
						},
						"0.55": {
							"vector": [-19.79705, -2.15029, -14.79705]
						},
						"0.6667": {
							"vector": [-14.79705, -2.15029, -14.79705]
						},
						"0.9167": {
							"vector": [0, 0, 0]
						}
					},
					"position": {
						"0.0": {
							"vector": [0, 0, 0]
						},
						"0.1": {
							"vector": [0, -4.67, 1.36]
						},
						"0.1667": {
							"vector": [0, -2.95, 1.62]
						},
						"0.3833": {
							"vector": [0, -2.57, 0.19]
						},
						"0.55": {
							"vector": [0, -3.3, 0.75]
						},
						"0.6667": {
							"vector": [0, -4.55, 1.5]
						},
						"0.7833": {
							"vector": [0, -4.67, 1.36]
						},
						"0.9167": {
							"vector": [0, 0, 0]
						}
					}
				},
				"cartridge": {
					"rotation": {
						"0.0": {
							"vector": [0, 0, 0]
						},
						"0.3833": {
							"vector": [0, 0, 0]
						},
						"0.4333": {
							"vector": [37, 0, 0]
						},
						"0.5": {
							"vector": [99.69388, 61.59529, -104.6849]
						},
						"0.5833": {
							"vector": [335.86002, 74.15387, 228.20702]
						},
						"0.65": {
							"vector": [249.60609, -37.73531, 50.5006]
						},
						"0.7333": {
							"vector": [39.58416, 54.50486, -113.50301]
						}
					},
					"position": {
						"0.0": {
							"vector": [0, 0, 0]
						},
						"0.2": {
							"vector": [0, 0, 0]
						},
						"0.3833": {
							"vector": [0, 0, 0]
						},
						"0.4167": {
							"vector": [0, 0, 1.5]
						},
						"0.4333": {
							"vector": [0.8, 0.5, 1.7]
						},
						"0.5": {
							"vector": [4.8, 3.5, 1.7]
						},
						"0.5833": {
							"vector": [10.8, 3.7, 1.7]
						},
						"0.6167": {
							"vector": [14.9, -2.1, 1.7]
						},
						"0.65": {
							"vector": [17, -7.9, 1.7]
						},
						"0.6833": {
							"vector": [17.6, -15.7, 1.7]
						},
						"0.7333": {
							"vector": [15, -21.9, 1.7]
						}
					},
					"scale": {
						"0.0": {
							"vector": [0, 0, 0]
						},
						"0.1667": {
							"vector": [0, 0, 0]
						},
						"0.2": {
							"vector": [1, 1, 1]
						},
						"0.3833": {
							"vector": [0.7442, 0.7442, 0.7442]
						},
						"0.65": {
							"vector": [1, 1, 1]
						},
						"0.7333": {
							"vector": [0, 0, 0]
						}
					}
				},
				"cartridge2": {
					"rotation": {
						"0.0": {
							"vector": [0, 0, 0]
						},
						"0.4833": {
							"vector": [0, 0, 0]
						},
						"0.5": {
							"vector": [0, 0, 0]
						},
						"0.5333": {
							"vector": [-14.43, 0, 0]
						},
						"0.6333": {
							"vector": [0, 0, 0]
						}
					},
					"position": {
						"0.0": {
							"vector": [0, 0.2, 0.5]
						},
						"0.4833": {
							"vector": [0, 0.2, 0.5]
						},
						"0.5": {
							"vector": [0, 0.2, 0.5]
						},
						"0.5333": {
							"vector": [-0.1, 0.79, 0.59]
						},
						"0.6": {
							"vector": [-0.12, 1.075, -0.79]
						},
						"0.6333": {
							"vector": [-0.125, 1.105, -1.475]
						}
					}
				}
			},
			"sound_effects": {
				"0.4": {
					"effect": "reload"
				},
				"0.4667": {
					"effect": "cock"
				}
			}
		},
		"hold": {
			"loop": true,
			"bones": {
				"left_arm_anim": {
					"rotation": {
						"vector": [-21.70302, 25.46232, -23.43078]
					},
					"position": {
						"vector": [-3.05, -1.625, -1.025]
					},
					"scale": {
						"vector": [1, 1, 1.1]
					}
				},
				"gun_arm": {
					"rotation": {
						"vector": [0, 0, 0]
					},
					"position": {
						"vector": [0, 0, 0]
					},
					"scale": {
						"vector": [1, 1, 1]
					}
				},
				"muzzle_flash": {
					"scale": {
						"vector": [0, 0, 0]
					}
				},
				"right_arm_anim": {
					"rotation": {
						"vector": [4.37371, -19.33935, 1.83801]
					},
					"position": {
						"vector": [5.525, 1.6, 10.5]
					}
				}
			}
		},
		"aim": {
			"loop": "hold_on_last_frame",
			"animation_length": 0.25,
			"bones": {
				"left_arm_anim": {
					"rotation": {
						"vector": [-21.70302, 25.46232, -23.43078]
					},
					"position": {
						"vector": [-3.05, -1.625, -1.025]
					},
					"scale": {
						"vector": [1, 1, 1.1]
					}
				},
				"gun": {
					"rotation": {
						"0.0": {
							"vector": [0, 0, 0]
						},
						"0.125": {
							"vector": [0, 0, 25]
						},
						"0.25": {
							"vector": [0, 0, 0]
						}
					}
				},
				"right_arm_anim": {
					"rotation": {
						"vector": [4.37371, -19.33935, 1.83801]
					},
					"position": {
						"vector": [5.525, 1.6, 10.5]
					}
				},
				"muzzle_flash": {
					"scale": {
						"vector": [0, 0, 0]
					}
				},
				"model": {
					"rotation": {
						"0.0": {
							"vector": [0, 0, 0]
						},
						"0.125": {
							"vector": [0, -10, 0]
						},
						"0.25": {
							"vector": [0, 0, 0]
						}
					},
					"position": {
						"0.0": {
							"vector": [0, 0, 0]
						},
						"0.125": {
							"vector": [5.2, -1.21, 0]
						},
						"0.25": {
							"vector": [10.4, 1.575, 0]
						}
					},
					"scale": {
						"vector": [1, 1, 1]
					}
				}
			}
		},
		"reload_end": {
			"loop": "hold_on_last_frame",
			"animation_length": 0.6667,
			"bones": {
				"left_arm_anim": {
					"rotation": {
						"0.0": [-41.82, 21.33, -36.94],
						"0.2083": [-21.70302, 25.46232, -23.43078],
						"0.5417": [-21.70302, 25.46232, -23.43078],
						"0.6667": [-21.70302, 25.46232, -23.43078]
					},
					"position": {
						"0.0": [3.95, -4.62, 12.98],
						"0.2083": [-3.05, -1.625, -1.025],
						"0.375": [-2.8, -1.62, 1.73],
						"0.5417": [-3.05, -1.625, -1.025],
						"0.6667": [-3.05, -1.625, -1.025]
					},
					"scale": {
						"0.0": [1, 1, 1.1],
						"0.5417": [1, 1, 1.1],
						"0.6667": [1, 1, 1.1]
					}
				},
				"right_arm_anim": {
					"rotation": {
						"0.0": [4.21666, -11.86035, 2.42079],
						"0.5": [4.37371, -19.33935, 1.83801]
					},
					"position": {
						"0.0": [5.775, 1.85, 11.25],
						"0.5": [5.525, 1.6, 10.5]
					}
				},
				"model": {
					"position": {
						"0.0": [0, 0, 3],
						"0.2917": [0, 0, 0]
					}
				},
				"gun_arm": {
					"rotation": {
						"0.0": [-7.5, 0, -25],
						"0.2917": [0, 0, 0]
					},
					"position": {
						"0.0": [0, -2.75, 0],
						"0.2917": [0, 0, 0]
					}
				},
				"muzzle_flash": {
					"scale": 0
				},
				"slide": {
					"position": {
						"0.2083": [0, 0, 0],
						"0.375": [0, 0, 2.5],