{
	"format_version": "1.8.0",
	"animations": {
		"shot": {
			"loop": true,
			"animation_length": 0.9167,
			"bones": {
				"slide": {
					"position": {
						"0.0": {
							"vector": [0, 0, 0]
						},
						"0.3833": {
							"vector": [0, 0, 0]
						},
						"0.45": {
							"vector": [0, 0, 2.5]
						},
						"0.6333": {
							"vector": [0, 0, 0]
						}
					}
				},
				"muzzle_flash": {
					"scale": {
						"0.0": {
							"vector": [0, 0, 0]
						},
						"0.0833": {
							"vector": [1.5, 1.5, 1.5],
							"easing": "easeInCirc"
						},
						"0.1667": {
							"vector": [0, 0, 0]
						}
					}
				},
				"right_arm_anim": {
					"rotation": {
						"vector": [4.37371, -19.33935, 1.83801]
					},
					"position": {
						"vector": [5.525, 1.6, 10.5]
					}
				},
				"left_arm_anim": {
					"rotation": {
						"0.0": {
							"vector": [-21.70302, 25.46232, -23.43078]
						},
						"0.3833": {
							"vector": [-21.70302, 25.46232, -23.43078]
						},
						"0.6333": {
							"vector": [-21.70302, 25.46232, -23.43078]
						}
					},
					"position": {
						"0.0": {
							"vector": [-3.05, -1.625, -1.025]
						},
						"0.3833": {
							"vector": [-3.05, -1.625, -1.025]
						},
						"0.5167": {
							"vector": [-2.8, -1.62, 1.73],
							"easing": "easeInElastic"
						},
						"0.6333": {
							"vector": [-3.05, -1.625, -1.025]
						}
					},
					"scale": {
						"0.0": {
							"vector": [1, 1, 1.1]
						},
						"0.6333": {
							"vector": [1, 1, 1.1]
						}
					}
				},
				"model": {
					"rotation": {
						"0.0": {
							"vector": [0, 0, 0]
						},
						"0.05": {
							"vector": [-7.5, 0, 0],
							"easing": "easeInQuad"
						},
						"0.3833": {
							"vector": [-18.33026, -1.45665, -10.02381]
						},
						"0.55": {
							"vector": [-19.79705, -2.15029, -14.79705]
						},
						"0.6667": {
							"vector": [-14.79705, -2.15029, -14.79705]
						},
						"0.9167": {
							"vector": [0, 0, 0]
						}
					},
					"position": {
						"0.0": {
							"vector": [0, 0, 0]
						},
						"0.05": {
							"vector": [0, 0.03, 1.36],
							"easing": "easeInBounce"
						},
						"0.1167": {
							"vector": [0, 0.05, 1.62]
						},
						"0.3833": {
							"vector": [0, -1.57, 0.19]
						},
						"0.55": {
							"vector": [0, -0.3, 0.75],
							"easing": "easeInElastic",
							"easingArgs": [1]
						},
						"0.6667": {
							"vector": [0, 0.45, 1.5],
							"easing": "easeInElastic",
							"easingArgs": [1]
						},
						"0.9167": {
							"vector": [0, 0, 0]
						}
					}
				},
				"cartridge": {
					"rotation": {
						"0.0": {
							"vector": [0, 0, 0]
						},
						"0.4": {
							"vector": [0, 0, 0]
						},
						"0.4167": {
							"vector": [0, 0, 0]
						},
						"0.4333": {
							"vector": [0, 0, 0]
						},
						"0.45": {
							"vector": [-35.43958, 1.33807, 5.79843]
						},
						"0.7167": {
							"vector": [-360, 22.74713, 98.5733]
						}
					},
					"position": {
						"0.0": {
							"vector": [0, 0, 0]
						},
						"0.3833": {
							"vector": [0, 0, 0]
						},
						"0.4": {
							"vector": [0, 0, 1.125]
						},
						"0.4333": {
							"vector": [0, 0, 2.3]
						},
						"0.45": {
							"vector": [0.3, 0.3, 2.275]
						},
						"0.4667": {
							"vector": [1.99, 1.49, 0.5]
						},
						"0.4833": {
							"vector": [5.16, 2.92, 0.48]
						},
						"0.5": {
							"vector": [8.33, 3.94, 0.45]
						},
						"0.5167": {
							"vector": [10.5, 4.33, 0.43]
						},
						"0.5333": {
							"vector": [12.67, 4.6, 0.41]
						},
						"0.55": {
							"vector": [14.84, 4.62, 0.38]
						},
						"0.5667": {
							"vector": [17.63, 4.24, 0.36]
						},
						"0.5833": {
							"vector": [20.43, 3.1, 0.33]
						},
						"0.6": {
							"vector": [22.85, 1.67, 0.31]
						},
						"0.6167": {
							"vector": [25.52, 0.24, 0.28]
						},
						"0.6333": {
							"vector": [29.63, -2.44, 0.26]
						},
						"0.65": {
							"vector": [34.49, -7.37, 0.23]
						},
						"0.6667": {
							"vector": [39.09, -14.3, 0.21]
						},
						"0.6833": {
							"vector": [43.7, -32.48, 0.18]
						},
						"0.7": {
							"vector": [29.03, -43.34, 0.16]
						},
						"0.7167": {
							"vector": [11.36, -40.2, 0.13]
						},
						"0.75": {
							"vector": [-7.18, -24.12, 0.08]
						},
						"0.7833": {
							"vector": [-3.64, -8.04, 0.03]
						},
						"0.8": {
							"vector": [0, 0, 0]
						}
					},
					"scale": {
						"0.0": {
							"vector": [0, 0, 0]
						},
						"0.2": {
							"vector": [1, 1, 1]
						},
						"0.4": {
							"vector": [1, 1, 1]
						},
						"0.6667": {
							"vector": [0.8, 0.8, 0.8]
						},
						"0.6833": {
							"vector": [0, 0, 0]
						},
						"0.9167": {
							"vector": [0, 0, 0]
						}
					}
				},
				"cartridge2": {
					"rotation": {
						"0.0": {
							"vector": [0, 0, 0]
						},
						"0.4833": {
							"vector": [0, 0, 0]
						},
						"0.5": {
							"vector": [0, 0, 0]
						},
						"0.5333": {
							"vector": [-14.43, 0, 0]
						},
						"0.6333": {
							"vector": [0, 0, 0]
						}
					},
					"position": {
						"0.0": {
							"vector": [0, 0.2, 0.5]
						},
						"0.4833": {
							"vector": [0, 0.2, 0.5]
						},
						"0.5": {
							"vector": [0, 0.2, 0.5]
						},
						"0.5333": {
							"vector": [-0.1, 0.79, 0.59]
						},
						"0.6": {
							"vector": [-0.12, 1.075, -0.79]
						},
						"0.6333": {
							"vector": [-0.125, 1.105, -1.475]
						}
					}
				}
			}
		},
		"hold": {
			"loop": true,
			"bones": {
				"left_arm_anim": {
					"rotation": {
						"vector": [-21.70302, 25.46232, -23.43078]
					},
					"position": {
						"vector": [-3.05, -1.625, -1.025]
					},
					"scale": {
						"vector": [1, 1, 1.1]
					}
				},
				"gun_arm": {
					"rotation": {
						"vector": [0, 0, 0]
					},
					"position": {
						"vector": [0, 0, 0]
					},
					"scale": {
						"vector": [1, 1, 1]
					}
				},
				"muzzle_flash": {
					"scale": {
						"vector": [0, 0, 0]
					}
				},
				"right_arm_anim": {
					"rotation": {
						"vector": [4.37371, -19.33935, 1.83801]
					},
					"position": {
						"vector": [5.525, 1.6, 10.5]
					}
				}
			}
		},
		"aim": {
			"loop": "hold_on_last_frame",
			"animation_length": 0.25,
			"bones": {
				"left_arm_anim": {
					"rotation": {
						"0.0": {
							"vector": [-21.70302, 25.46232, -23.43078]
						},
						"0.25": {
							"vector": [-17.68211, 16.28324, -19.17749]
						}
					},
					"position": {
						"0.0": {
							"vector": [-3.05, -1.625, -1.025]
						},
						"0.125": {
							"vector": [5.7, -5.97, -1.87]
						},
						"0.25": {
							"vector": [6.45, -0.425, -1.875]
						}
					},
					"scale": {
						"vector": [1, 1, 1.1]
					}
				},
				"gun_arm": {
					"rotation": {
						"0.0": {
							"vector": [0, 0, 0]
						},
						"0.125": {
							"vector": [0, -10, 0]
						},
						"0.25": {
							"vector": [0, 0, 0]
						}
					},
					"position": {
						"0.0": {
							"vector": [0, 0, 0]
						},
						"0.125": {
							"vector": [5.2, -1.21, 0]
						},
						"0.25": {
							"vector": [10.4, 1.575, 0]
						}
					},
					"scale": {
						"vector": [1, 1, 1]
					}
				},
				"gun": {
					"rotation": {
						"0.0": {
							"vector": [0, 0, 0]
						},
						"0.125": {
							"vector": [0, 0, 25]
						},
						"0.25": {
							"vector": [0, 0, 0]
						}
					}
				},
				"right_arm_anim": {
					"rotation": {
						"vector": [4.37371, -19.33935, 1.83801]
					},
					"position": {
						"vector": [5.525, 1.6, 10.5]
					}
				},
				"muzzle_flash": {
					"scale": {
						"vector": [0, 0, 0]
					}
				}
			}
		},
		"reload_end": {
			"loop": "hold_on_last_frame",
			"animation_length": 0.2917,
			"bones": {
				"left_arm_anim": {
					"rotation": {
						"0.0": {
							"vector": [-41.82, 21.33, -36.94]
						},
						"0.2917": {
							"vector": [-21.70302, 25.46232, -23.43078]
						}
					},