{
	"format_version": "1.8.0",
	"animations": {
		"reload": {
			"loop": true,
			"animation_length": 3.4167,
			"bones": {
				"left_arm": {
					"rotation": {
						"0.0": [-5.57071, 32.86063, -11.85874],
						"0.25": [-4.6835, 2.97443, -9.07292],
						"0.5417": [-10.42326, 30.37212, -11.57754],
						"0.875": [-9.51497, 23.11825, -21.7951],
						"1.125": [-9.51497, 23.11825, -21.7951],
						"1.5417": [27.98503, 23.11825, -21.7951],
						"2.0": [-8.22486, 21.77002, -37.96719],
						"2.2083": [-16.26284, 10.30749, -83.41167],
						"2.2917": [-16.26284, 10.30749, -83.41167],
						"2.6667": [-10.42326, 30.37212, -11.57754],
						"2.7083": [-10.42326, 30.37212, -11.57754],
						"3.125": [-5.57071, 32.86063, -11.85874]
					},
					"position": {
						"0.0": [-2.3, -1.5, 2.45],
						"0.25": [0.7, -0.5, -0.55],
						"0.5417": [0.05, 1.1, -3.75],
						"0.875": [3.11329, 2.54797, 0.9],
						"1.125": [3.11329, 2.54797, 0.9],
						"1.5417": [3.11, 0.3, 6.15],
						"2.0": [3.11, 1.55, 4.55],
						"2.2083": [2.36, 2.55, 4.55],
						"2.2917": [2.36, 2.55, 4.55],
						"2.6667": [0.05, 1.1, -3.75],
						"2.7083": [0.05, 1.1, -3.75],
						"3.125": [-2.3, -1.5, 2.45]
					}
				},
				"right_arm": {
					"rotation": {
						"0.0": [0, -5, 0],
						"2.6667": [0, -5, 0]
					},
					"position": {
						"0.0": [7.35, -0.55, 10.4],
						"2.6667": [7.35, -0.55, 10.4]
					}
				},
				"model": {
					"rotation": {
						"0.0": [0, 0, 0],
						"0.5417": [0, 0, 12.5],
						"1.0": [0, 0, 15],
						"1.4167": [0, 0, 16.23],
						"1.9167": [0, 0, 15.5],
						"2.2083": [0, 0, 15],
						"3.4167": [0, 0, 0]
					},
					"position": {
						"0.0": [0, 0, 0],
						"0.25": [0, 0, 3],
						"0.875": [0, 0, 3],
						"0.9167": [0, 0, 3.3],
						"1.0": [0, 0, 3],
						"2.2083": [0, 0, 3],
						"2.5833": [0, 0, 3],
						"2.6667": [0, 0, 2.7],
						"3.4167": [0, 0, 0]
					}
				},
				"magazine": {
					"rotation": {
						"0.0": [0, 0, 0],
						"1.0": [0, 0, 0],
						"1.4583": [0, 0, 27.5],
						"2.2083": [0, 0, 0]
					},
					"position": {
						"0.0": [0, 0, 0],
						"1.0": [0, 0, 0],
						"1.0833": [1.5, 0, 0],
						"1.25": [3.54, -0.93, 0],
						"1.4583": [6.1, -1.2, 0],
						"1.5417": [3.45, -4.9, 1.25],
						"2.0": [1.95, 0.1, 0.05],
						"2.2083": [0, 0, 0]
					},
					"scale": {
						"0.0": [1, 1, 1],
						"1.2083": [1, 1, 1],
						"1.25": [0, 0, 0],
						"1.5": [0, 0, 0],
						"1.5417": [1, 1, 1]
					}
				},
				"bone13": {
					"rotation": {
						"0.0": [0, 0, 0],
						"0.5417": [0, 0, 0],
						"0.875": [0, -82.5, 0],
						"2.2917": [0, -82.5, 0],
						"2.4167": [0, -82.5, 0],
						"2.6667": [0, 0, 0]
					}
				},
				"muzzle_flash": {
					"scale": 0
				}
			},
			"sound_effects": {
				"0.5417": {
					"effect": "reload"
				},
				"0.75": {
					"effect": "cock"
				}
			}
		},
		"slide_off": {
			"loop": true
		},
		"slide_on": {
			"loop": true
		},
		"shot": {
			"loop": "hold_on_last_frame",
			"animation_length": 0.29167,
			"bones": {
				"muzzle_flash": {
					"scale": {
						"0.0": [0, 0, 0],
						"0.125": [2, 2, 2],
						"0.1667": [0, 0, 0]
					}
				},
				"right_arm": {
					"rotation": [0, -5, 0],
					"position": [7.35, -0.55, 10.4]
				},
				"left_arm": {
					"rotation": [-5.57071, 32.86063, -11.85874],
					"position": [-2.3, -1.5, 2.45]
				}
			}
		},
		"inspect": {
			"loop": true,
			"animation_length": 2,
			"bones": {
				"left_arm": {
					"rotation": {
						"0.0": [-15.1517, 31.1876, -20.48496],
						"0.3333": [-23.1517, 31.1876, -20.48496],
						"0.8333": [-23.1517, 31.1876, -20.48496],
						"0.9583": [-20.65445, 31.00697, -5.29161],
						"1.25": [1.83913, 30.58548, 30.15953],
						"1.7083": [1.83913, 30.58548, 30.15953],
						"2.0": [-15.1517, 31.1876, -20.48496]
					},
					"position": {
						"0.0": [-2.8, -1, 3.2],
						"0.3333": [-1.1, -2.4, 2.3],
						"0.8333": [-1.1, -2.4, 2.3],
						"1.25": [-1, -2.6, 3.1],
						"1.7083": [-1, -2.6, 3.1],
						"2.0": [-2.8, -1, 3.2]
					}
				},
				"right_arm": {
					"rotation": {
						"0.0": [-3.65072, -20.22927, 12.51361],
						"0.3333": [10.02032, -25.39922, -25.86545],
						"0.8333": [10.02032, -25.39922, -25.86545],
						"0.9167": [-3.49692, -28.57273, -10.75759],
						"1.0417": [-13.80601, -25.83327, 11.97716],
						"1.25": [-21.13139, -14.32612, 48.5314],
						"1.7083": [-21.13139, -14.32612, 48.5314],
						"2.0": [-3.65072, -20.22927, 12.51361]
					},
					"position": {
						"0.0": [3.6, -0.15, 10.15],
						"0.3333": [1.9, -2.05, 7.15],
						"0.8333": [1.9, -2.05, 7.15],
						"1.0417": [3.59, -0.8, 7.75],
						"1.1667": [2.69, -0.05, 7.15],
						"1.2083": [2.6, 0.2, 7.15],
						"1.25": [1.9, 0.45, 7.15],
						"1.7083": [1.9, 0.45, 7.15],
						"1.8333": [3.48, 0.15, 7.9],
						"1.875": [3.57, 0.05, 8.65],
						"2.0": [3.6, -0.15, 10.15]
					}
				},
				"muzzle_flash": {
					"scale": {
						"0.0": [0, 0, 0],
						"2.0": [0, 0, 0]
					}
				},
				"slide": {
					"rotation": [0, 0, 0],
					"position": [0, 0, 0]
				},
				"body": {
					"rotation": [0, 0, 0],
					"position": [0, 0, 0]
				},
				"bullet": {
					"rotation": [0, 0, 0],
					"position": [0, 0, 0]
				},
				"gun": {
					"rotation": {
						"0.0": [0, 0, 0],
						"0.3333": [14.10098, -22.07113, -33.76347],
						"0.8333": [14.10098, -22.07113, -33.76347],
						"1.25": [-23.27872, 3.17149, 74.36447],
						"1.7083": [-23.27872, 3.17149, 74.36447],
						"2.0": [0, 0, 0]
					},
					"position": {
						"0.0": [0, 0, 0],
						"0.3333": [3.4, 0, -2],
						"0.8333": [3.4, 0, -2],
						"1.25": [-0.3, 3, -2],
						"1.7083": [-0.3, 3, -2],
						"2.0": [0, 0, 0]
					}
				}
			}
		},
		"hold": {
			"loop": true,
			"bones": {
				"left_arm": {
					"rotation": [-5.57071, 32.86063, -11.85874],
					"position": [-2.3, -1.5, 2.45]
				},
				"right_arm": {
					"rotation": [0, -5, 0],
					"position": [7.35, -0.55, 10.4]
				},
				"muzzle_flash": {
					"scale": 0
				}
			}
		}
	}
}